LotArea,OverallQual,OverallCond,YearBuilt,YearRemodAdd,MasVnrArea,BsmtFinSF1,BsmtFinSF2,BsmtUnfSF,TotalBsmtSF,1stFlrSF,2ndFlrSF,LowQualFinSF,GrLivArea,BsmtFullBath,BsmtHalfBath,FullBath,HalfBath,BedroomAbvGr,KitchenAbvGr,TotRmsAbvGrd,Fireplaces,GarageYrBlt,GarageCars,GarageArea,WoodDeckSF,OpenPorchSF,EnclosedPorch,3SsnPorch,ScreenPorch,PoolArea,MiscVal,MoSold,YrSold,SalePrice
123258,3,9,1994,1998,128.0,267.0,21,219,1548,4311,530,33,3843,3,0,2,2,8,3,10,2,1990.0,3,238,145,26,5,7,37,31,504,2,2008,755000
148167,1,7,1938,1962,105.0,313.0,148,43,1682,3668,365,38,4415,1,1,2,1,8,2,3,3,2008.0,3,372,124,146,22,13,24,10,557,11,2009,755000
133232,8,6,1954,1950,186.0,997.0,99,382,1227,2674,1155,19,3868,0,0,1,0,3,3,2,0,1989.0,3,472,54,52,9,8,24,3,65,10,2006,755000
104994,2,7,1874,1983,321.0,1247.0,184,315,1114,2349,360,37,5470,0,2,1,1,1,0,8,0,1942.0,2,293,60,40,167,36,11,47,665,10,2010,755000
121179,3,1,1935,1964,316.0,411.0,238,875,1316,1786,362,15,3116,2,2,2,2,0,0,13,2,1959.0,1,785,21,102,17,39,109,3,343,10,2009,755000
111568,8,1,1911,1993,96.0,63.0,305,112,296,2467,239,67,696,3,0,3,2,5,0,9,1,1925.0,4,700,236,100,165,3,54,27,10,7,2008,689218
209192,8,8,1930,1963,166.0,211.0,26,556,941,1373,257,24,3615,2,2,0,2,4,2,4,2,1910.0,2,367,136,58,96,7,132,11,91,4,2010,755000
56186,4,2,1933,2006,62.0,813.0,236,332,988,4547,647,16,1968,0,1,3,2,5,3,3,2,1933.0,4,113,57,59,14,12,39,28,0,9,2009,673084
138637,4,9,2003,1978,71.0,12.0,165,97,815,3800,16,21,858,0,0,1,0,6,3,5,0,2004.0,2,318,36,98,31,15,55,48,194,8,2007,648556
214758,5,7,1931,1983,71.0,316.0,50,208,605,3360,126,32,5260,3,1,2,2,8,0,3,1,1901.0,0,814,472,64,32,30,19,2,48,10,2008,755000
169566,6,6,1987,1967,118.0,517.0,130,320,1499,4591,158,8,2056,2,1,1,1,5,3,13,0,1920.0,1,468,25,28,175,54,41,10,830,9,2008,755000
88798,5,1,1946,2003,199.0,30.0,380,799,1085,3081,748,26,753,3,2,3,0,5,1,3,1,1925.0,4,755,191,62,77,5,62,7,692,8,2006,675777
114027,7,1,1993,1956,229.0,,181,1060,1130,4596,406,20,4562,0,0,2,0,2,1,6,3,1975.0,3,912,93,86,43,3,5,3,237,5,2007,755000
127624,2,2,1978,1978,154.0,677.0,69,393,1712,3829,554,25,4198,0,1,2,0,7,1,11,0,1972.0,1,651,52,13,155,17,53,55,66,9,2009,755000
176503,7,6,1967,2004,23.0,1203.0,20,511,902,4189,624,18,1401,3,1,2,1,8,1,6,3,2004.0,4,782,265,23,19,22,53,48,459,5,2007,706852
192635,10,6,1962,1980,4.0,712.0,243,381,805,895,1096,25,1734,2,0,0,1,0,3,9,3,1986.0,0,357,21,10,9,4,52,22,142,8,2009,755000
17323,7,2,2001,2010,66.0,15.0,583,171,1680,2537,1026,7,1753,1,2,1,1,5,1,10,2,2005.0,4,790,44,45,37,41,75,30,477,4,2006,755000
42390,1,1,1933,1974,316.0,612.0,87,781,254,3753,429,36,3467,3,1,3,1,6,1,3,1,1904.0,4,447,296,40,9,62,102,69,625,5,2010,704347
68521,7,5,1920,1987,,795.0,194,627,1025,1478,363,4,3970,0,0,0,2,7,1,2,0,1908.0,4,308,32,34,10,28,3,54,379,11,2007,755000
66120,5,5,2008,1963,599.0,,1,664,631,3033,87,27,4336,1,0,3,2,7,1,4,2,1949.0,1,1028,120,95,45,19,8,32,2,4,2008,755000
2069,3,2,1963,1957,353.0,89.0,66,86,1146,1885,597,3,963,3,1,0,1,6,1,7,0,1909.0,4,494,79,1,91,7,43,2,763,2,2009,605539
61035,3,6,1995,1976,84.0,41.0,158,321,1285,4355,582,16,4750,1,1,2,1,7,2,6,3,1957.0,3,321,167,137,27,6,13,37,445,4,2007,755000
195327,4,9,1932,2003,,55.0,106,1122,1313,894,8,32,5584,3,1,0,2,8,2,9,0,1909.0,2,606,15,58,59,30,34,26,97,11,2009,755000
66225,2,2,1919,1951,260.0,1041.0,106,431,1513,1521,587,24,2168,0,2,1,2,6,1,9,0,1977.0,3,228,259,39,25,3,21,17,1185,5,2007,644349
200341,2,2,2007,1966,458.0,649.0,75,596,873,3467,703,7,5334,3,2,1,1,2,1,3,2,1935.0,0,186,93,53,56,28,58,10,80,6,2008,755000
6611,1,3,1929,1986,129.0,71.0,4,358,904,3745,148,10,4465,1,0,3,0,8,3,10,1,1973.0,1,447,204,80,1,9,42,4,617,4,2009,755000
104655,5,7,1972,1963,136.0,450.0,14,941,1263,2023,375,1,2687,2,0,2,0,0,1,5,0,1955.0,2,139,143,42,180,0,12,29,631,11,2009,755000
186079,4,6,1983,1974,155.0,350.0,43,844,1443,2757,273,34,3389,0,1,2,1,7,0,2,3,1961.0,1,381,248,56,7,14,115,37,237,10,2010,755000
86605,10,8,1933,2005,9.0,10.0,57,413,349,1703,297,22,3274,0,0,3,0,5,2,3,3,1936.0,1,172,372,130,68,53,2,37,409,12,2006,755000
161065,2,8,1910,1979,449.0,414.0,235,1187,1157,914,81,18,345,1,2,1,2,2,1,12,2,1940.0,4,745,174,101,15,5,88,24,232,4,2007,560340
204304,3,6,1929,1978,90.0,476.0,9,574,802,1310,430,7,2464,3,0,1,0,8,2,7,3,2001.0,3,921,167,117,144,4,45,17,354,6,2008,690568
131908,7,3,1970,1969,11.0,1172.0,31,84,1043,4606,2,60,3437,3,0,3,1,5,1,6,0,1947.0,2,152,256,111,2,31,26,13,215,7,2010,755000
158030,7,3,1915,1970,181.0,137.0,150,540,821,2690,58,48,1765,3,1,2,0,6,0,13,1,1921.0,4,1032,5,31,44,36,89,4,890,7,2010,755000
85778,4,1,1900,2010,,283.0,16,706,638,452,441,32,3491,0,1,3,0,1,1,8,0,1986.0,2,690,171,58,118,3,19,12,64,4,2006,755000
123837,5,7,1930,2002,,19.0,88,446,490,1876,447,27,1768,0,2,3,0,0,2,10,2,1979.0,3,560,48,75,6,12,130,0,137,5,2008,691495
150803,5,5,1942,1971,69.0,42.0,208,335,924,3377,425,13,1290,1,0,0,2,0,2,7,3,1960.0,4,119,23,77,95,24,11,45,230,3,2007,655996
131823,6,4,1963,1984,84.0,229.0,1,1205,1179,1306,258,3,4192,3,0,3,2,2,2,7,0,1974.0,2,89,18,113,37,17,54,11,282,5,2009,755000
4047,9,4,1880,1986,28.0,18.0,224,25,698,1249,147,24,5142,3,0,1,2,2,3,3,0,2010.0,4,490,280,147,13,10,75,0,144,10,2006,755000
125155,2,4,1998,1965,260.0,728.0,147,605,1594,1771,53,36,3968,1,1,3,1,7,2,8,3,1998.0,1,456,68,33,147,37,110,2,1412,5,2009,755000
191522,5,6,2005,1999,196.0,46.0,106,1147,2229,920,309,31,4237,0,2,2,0,6,1,3,1,1947.0,0,426,27,67,153,16,59,19,405,4,2010,755000
67025,3,8,2002,2007,,408.0,143,9,1206,684,165,22,574,0,0,2,2,7,0,14,1,1963.0,2,512,203,145,191,10,41,18,612,6,2009,620315
131281,4,8,1892,1998,67.0,1200.0,36,385,979,2896,424,65,2289,2,0,1,2,0,0,8,1,,3,321,157,180,40,3,25,37,28,5,2007,650139
85954,10,5,1935,1992,285.0,621.0,56,349,543,2204,690,0,2346,2,0,2,0,3,1,9,3,1936.0,2,444,190,154,142,31,46,19,628,8,2007,755000
168145,6,6,1961,1966,199.0,580.0,240,992,1185,606,99,35,5325,3,0,3,1,7,3,13,0,1940.0,0,498,52,80,38,48,37,9,283,2,2009,755000
120646,8,4,1907,1965,220.0,1142.0,174,1073,1738,3261,84,31,4399,0,2,1,0,1,1,2,2,1904.0,2,1142,49,149,135,15,27,41,208,6,2009,755000
68735,1,9,1933,2007,40.0,898.0,61,16,1974,3773,354,18,3137,3,2,2,1,6,2,10,0,1999.0,2,67,246,17,0,18,92,47,171,2,2006,724846
58186,10,8,1947,2004,93.0,626.0,231,1042,1698,3375,267,19,4237,0,2,3,0,7,3,9,3,1976.0,2,593,270,0,30,20,11,1,30,12,2007,755000
68103,8,1,1884,1951,,275.0,58,1035,1421,4282,597,18,1358,2,1,2,2,8,1,10,3,1951.0,3,521,74,105,99,19,40,39,300,6,2009,736180
32851,7,2,1882,1953,99.0,390.0,131,507,1205,2098,303,16,934,1,0,0,2,6,3,6,0,1916.0,0,505,58,46,20,26,18,6,328,4,2008,703875
117516,1,9,1925,1970,13.0,371.0,48,873,475,4624,996,17,2663,0,0,2,2,8,0,14,3,1989.0,0,591,26,88,39,2,7,36,691,1,2006,661942
12694,2,8,1887,1988,56.0,239.0,99,913,950,2104,335,27,3032,2,0,1,1,1,1,5,0,2007.0,3,995,73,104,35,2,37,41,29,6,2006,739620
70392,3,3,1879,1983,276.0,484.0,262,399,892,1856,636,14,5028,2,0,3,0,0,1,2,0,1961.0,2,586,293,105,78,1,93,16,858,3,2006,755000
5190,1,8,1975,1979,22.0,540.0,36,436,953,1165,379,50,3360,0,2,3,1,0,0,10,1,1951.0,2,126,22,75,155,19,15,43,622,7,2006,693743
42906,9,1,1930,1955,251.0,97.0,85,735,640,895,261,42,1476,3,1,1,2,3,3,5,3,1919.0,0,589,77,89,17,40,82,3,48,3,2009,755000
212410,8,4,1928,1966,99.0,1052.0,152,151,1378,3874,527,19,1345,0,1,0,1,0,0,5,3,2002.0,2,460,27,3,69,2,134,13,94,10,2010,746930
88613,2,3,1911,1988,323.0,563.0,112,358,863,4470,150,1,1437,2,0,3,1,6,3,5,1,,1,345,6,61,22,47,81,35,401,4,2008,619536
142999,9,6,2001,1974,108.0,294.0,65,19,822,1813,783,17,1980,0,2,1,1,7,1,3,1,1993.0,2,546,45,16,13,0,34,5,558,9,2010,755000
10092,7,7,1965,1954,,488.0,158,1069,641,1539,738,24,2034,1,1,2,0,2,3,13,1,,2,470,89,17,203,43,6,31,58,7,2010,755000
206341,9,4,2009,1954,43.0,772.0,55,353,1116,990,248,40,5386,3,1,0,1,0,3,12,2,1906.0,4,443,219,4,11,13,16,7,584,4,2009,755000
175373,6,7,1915,1969,60.0,186.0,68,610,1748,4274,155,45,552,0,0,1,1,2,2,14,3,1993.0,0,474,153,94,60,30,43,11,320,2,2006,661357
208924,6,9,2010,1965,29.0,357.0,54,412,994,923,42,15,3922,2,1,2,1,1,2,5,0,1965.0,0,206,222,34,107,26,98,21,179,5,2006,755000
156269,4,2,1951,2000,,74.0,196,386,1140,4660,225,37,1060,2,0,3,2,5,2,3,0,1911.0,1,679,175,28,130,17,30,39,357,8,2009,665601
69448,10,3,1952,1990,512.0,1462.0,115,584,1967,1705,110,11,4947,3,2,3,2,6,0,9,0,1942.0,1,465,107,23,36,12,2,5,322,2,2009,755000
125543,10,5,1873,1986,159.0,455.0,117,207,1601,4085,983,0,1145,0,0,0,0,8,0,8,3,1939.0,1,566,424,83,7,19,176,28,1530,9,2007,755000
121474,2,3,1986,1989,183.0,71.0,233,420,1293,4093,194,30,5243,2,1,2,2,4,2,12,2,1900.0,0,283,17,10,19,0,20,7,832,5,2006,755000
155855,7,8,1961,1958,52.0,,290,417,1272,2434,456,41,5043,3,0,1,0,3,1,11,3,1957.0,4,220,46,148,82,25,83,19,86,6,2008,755000
125658,5,8,1894,1954,109.0,185.0,386,330,698,2218,1002,63,4855,1,0,3,2,0,1,3,3,1902.0,4,407,67,2,91,2,34,70,397,7,2007,755000
49855,6,8,1933,1991,63.0,316.0,36,656,649,1081,609,5,1917,3,0,1,0,5,1,3,3,1907.0,3,492,80,16,239,4,20,24,453,9,2010,696903
18459,2,9,1984,2006,254.0,345.0,420,321,1070,797,149,60,4371,0,0,1,0,7,0,3,3,1989.0,0,397,110,46,128,18,6,66,44,7,2006,755000
111810,5,4,1999,1951,361.0,60.0,114,1144,1083,1087,316,23,1216,0,0,1,0,3,3,2,3,2003.0,3,521,53,75,21,2,91,9,350,4,2009,688809
107830,10,5,1933,1958,299.0,498.0,340,751,575,916,409,14,765,2,0,0,2,0,0,14,2,1974.0,2,38,383,33,82,23,67,7,492,5,2009,730136
81377,4,5,1909,1992,201.0,484.0,45,39,1351,2539,360,34,4368,1,1,1,1,4,2,7,1,1960.0,1,1000,38,29,24,21,90,2,93,12,2009,755000
37220,9,8,1932,1985,42.0,834.0,39,720,861,4448,792,25,1281,0,0,0,2,4,3,7,0,1984.0,3,308,54,115,52,25,88,7,154,3,2006,726352
199493,6,7,2000,1971,193.0,51.0,52,224,1563,4484,519,11,4241,2,1,0,1,1,1,2,3,1904.0,3,210,129,102,7,26,23,36,360,1,2008,755000
201851,2,9,1993,1971,333.0,233.0,80,554,972,4361,106,24,2001,3,0,2,2,5,0,12,3,2003.0,0,785,254,7,9,20,73,3,50,3,2009,649454
20757,1,8,1981,1971,17.0,700.0,63,207,928,3687,78,56,3316,3,2,3,1,8,0,2,3,1925.0,1,209,331,8,50,62,119,27,706,1,2006,702017
198929,5,2,1884,1983,90.0,318.0,72,377,531,3142,222,10,2873,0,0,1,2,5,2,7,0,1984.0,1,550,269,18,37,30,73,29,538,5,2010,718336
209561,9,4,1971,2004,196.0,334.0,135,491,586,3937,351,6,2447,1,1,2,0,7,1,12,2,1972.0,4,209,205,135,205,3,162,32,113,7,2007,755000
80253,6,6,2006,1978,653.0,4.0,44,73,1658,4247,261,27,5341,2,1,2,0,2,0,7,0,1916.0,3,424,353,0,202,3,86,0,319,9,2006,755000
54295,10,2,1893,1987,153.0,1238.0,288,667,1134,1753,663,12,724,0,2,2,0,1,0,5,2,2000.0,4,427,0,38,4,53,32,21,426,4,2006,749625
173129,7,7,1945,2008,52.0,612.0,11,569,1194,2501,535,1,416,2,0,2,1,3,3,4,1,1965.0,3,312,55,80,102,13,53,30,82,10,2009,671905
10992,5,3,2003,1995,148.0,33.0,191,258,1800,2478,522,8,1336,3,2,2,1,8,0,10,3,1950.0,0,718,52,5,91,14,28,12,256,10,2007,755000
178130,10,3,1894,1982,391.0,471.0,76,1230,341,2501,228,20,814,2,0,1,0,8,3,7,2,1946.0,0,854,6,103,95,2,121,29,199,1,2007,755000
204781,6,2,1990,1967,63.0,61.0,142,4,1335,1894,240,13,1110,3,0,2,1,2,0,2,0,1939.0,2,308,69,121,58,1,83,33,364,7,2009,688453
203583,5,8,1941,1956,431.0,1088.0,118,250,206,1510,144,17,4423,1,1,3,0,0,1,4,2,1991.0,3,532,230,131,52,1,38,57,192,3,2008,755000
198069,9,6,1955,1950,321.0,479.0,313,51,781,1602,341,46,2088,1,2,0,2,0,2,2,2,,3,169,74,74,112,0,50,22,762,1,2006,732893
38365,6,1,1972,1982,7.0,9.0,81,1316,427,3921,511,5,1582,3,2,0,1,3,1,4,1,1939.0,1,526,360,23,62,39,34,12,458,4,2009,677323
100599,8,1,1955,1950,178.0,679.0,173,1040,1429,1500,94,32,1470,0,1,3,1,3,2,3,3,1900.0,1,705,0,22,9,21,77,77,210,11,2008,755000
164978,2,7,1899,1973,154.0,288.0,274,68,55,3909,109,44,3033,3,1,1,2,5,0,6,3,1945.0,4,528,13,10,31,1,0,21,425,9,2009,695873
12834,9,8,2007,1953,22.0,115.0,44,169,884,3175,571,8,3590,2,2,0,1,4,1,4,0,1910.0,2,358,218,55,115,53,12,17,569,6,2010,755000
41697,5,5,1872,1953,107.0,,27,183,420,2204,151,0,1869,2,1,3,1,5,3,8,0,1938.0,0,435,79,91,32,31,25,23,358,6,2008,699335
92687,7,5,1934,2010,309.0,541.0,120,279,572,4263,1,20,3578,2,0,3,1,6,2,9,1,1917.0,3,379,75,13,52,9,18,4,214,7,2008,755000
2316,10,4,1893,1967,230.0,855.0,147,82,649,2601,302,11,856,0,2,2,2,6,2,8,2,1990.0,4,447,186,61,13,10,21,9,169,1,2007,730669
56891,1,6,1941,1976,152.0,425.0,159,257,1659,3220,659,17,2028,1,2,0,0,8,0,3,2,1946.0,2,336,248,11,12,20,42,44,1042,5,2006,630191
24547,10,6,1996,1992,251.0,442.0,94,901,832,493,87,12,2586,1,1,2,0,5,2,11,0,1973.0,1,543,130,39,115,5,1,21,556,4,2009,755000
25600,5,3,1967,2008,261.0,464.0,49,1278,1863,2992,1015,11,5171,2,0,1,2,7,2,11,3,1999.0,2,200,8,8,20,13,28,53,129,4,2009,755000
206437,10,9,1950,1981,172.0,1038.0,68,117,1968,4097,240,43,3943,0,2,0,2,1,2,8,2,1920.0,4,196,135,104,6,31,29,4,311,7,2006,755000
84098,2,7,1876,1982,183.0,275.0,39,83,2056,1389,920,43,611,2,2,0,2,7,0,11,1,1927.0,0,766,307,45,9,21,58,45,560,2,2006,607258
10568,6,1,1931,1977,340.0,587.0,124,585,970,667,779,21,481,1,0,3,0,8,1,4,0,1900.0,1,485,598,29,56,9,12,26,80,5,2007,645562
88107,1,7,1991,1991,168.0,646.0,176,132,1105,3930,272,23,5207,3,1,0,2,3,0,8,2,1913.0,1,529,108,39,88,24,76,47,336,7,2006,755000
13485,3,5,1917,1990,76.0,539.0,60,595,1188,1225,352,4,5536,2,1,1,0,4,3,2,3,1919.0,0,312,137,109,61,27,74,32,146,3,2010,755000
196076,5,5,2005,2004,327.0,260.0,185,716,816,3321,587,10,4848,2,1,1,2,4,2,3,3,1972.0,1,392,315,33,135,1,70,13,497,2,2007,755000
171471,4,2,1927,1985,38.0,448.0,2,780,1212,1696,149,3,2919,2,1,0,1,1,2,13,1,1944.0,4,233,166,27,47,14,75,50,1126,12,2008,718793
140943,3,4,1981,2009,205.0,362.0,94,704,532,1259,102,58,3988,1,0,3,0,4,1,11,1,1960.0,1,794,233,19,118,14,26,21,93,1,2006,755000
39344,10,6,1975,1955,59.0,1183.0,70,285,62,2777,1024,53,3954,0,0,1,0,8,2,2,0,1926.0,3,374,146,58,103,42,17,27,805,5,2008,755000
52514,5,7,1948,1965,207.0,216.0,132,427,1357,2911,177,39,2773,3,2,2,2,3,1,10,0,1955.0,2,113,25,31,92,53,0,44,688,12,2007,752261
193600,8,5,1873,1983,307.0,34.0,300,28,825,4314,9,63,5586,3,2,1,1,2,2,14,3,1951.0,4,668,11,68,87,18,7,8,416,12,2010,755000
116052,4,9,1879,1972,206.0,397.0,165,685,511,2739,56,7,1273,3,0,0,0,6,2,14,3,1967.0,0,783,107,1,60,46,24,6,235,5,2010,642436
50284,1,3,1946,1999,267.0,369.0,245,1141,574,1753,819,21,4043,2,2,2,2,7,0,3,2,1936.0,4,454,258,33,230,41,50,32,673,4,2006,747613
42074,7,1,1996,1991,309.0,478.0,107,684,1757,3209,336,15,4671,1,0,0,1,5,0,3,2,1981.0,3,877,65,31,67,3,21,30,214,8,2010,755000
3868,8,4,1909,1973,32.0,217.0,38,221,1232,393,64,3,5428,3,1,0,0,5,3,7,2,1930.0,1,573,151,161,4,5,95,14,210,2,2009,755000
121451,3,9,1898,2005,70.0,444.0,202,897,238,2858,624,17,1557,2,0,0,2,4,1,8,1,1948.0,1,468,153,65,7,8,78,15,5,12,2007,603441
194964,6,4,1891,1998,357.0,451.0,159,1446,406,4131,676,3,3697,0,0,3,1,5,3,14,1,1952.0,4,477,299,99,91,3,45,4,610,4,2010,755000
199935,2,2,1914,1962,142.0,762.0,48,597,854,2993,392,27,3357,2,2,3,0,8,0,3,2,1938.0,1,624,59,164,51,26,88,19,541,5,2007,740477
135067,7,5,1902,2005,,437.0,191,721,1238,4430,397,38,2151,3,0,1,0,1,1,5,3,1909.0,1,769,250,61,41,37,23,13,447,9,2007,755000
125675,8,3,1962,1967,43.0,440.0,88,771,602,1912,365,22,3706,3,1,0,1,2,0,4,0,1908.0,3,630,58,30,17,17,9,12,740,3,2009,755000
180562,6,9,1932,2003,320.0,606.0,94,141,913,3439,19,3,1017,0,1,2,2,0,1,14,1,1991.0,0,565,1,19,46,1,14,2,365,1,2006,680021
137630,6,4,1980,1962,96.0,747.0,194,335,1057,1041,54,1,1566,1,2,2,2,3,2,6,1,1991.0,2,517,111,35,123,28,141,8,221,4,2007,749540
40804,5,6,1962,1998,101.0,6.0,250,294,1067,2114,829,47,3719,0,2,2,1,1,3,10,2,1912.0,4,675,248,95,27,30,42,17,289,10,2009,755000
165531,8,2,1966,1986,445.0,100.0,258,833,197,2747,594,19,950,0,0,3,0,5,3,3,0,1917.0,0,340,35,102,163,5,46,2,215,6,2010,698818
15286,1,6,1884,1992,115.0,,144,787,1110,3740,382,37,2407,3,2,3,1,0,1,14,1,1911.0,2,122,134,74,89,12,91,48,205,7,2008,637851
63158,10,3,1984,1988,143.0,681.0,29,451,133,2495,540,38,3244,3,1,0,1,7,3,6,0,1971.0,0,546,16,29,9,28,4,31,27,4,2006,755000
130612,4,9,1906,2010,63.0,312.0,207,270,856,3873,275,42,5441,1,2,2,1,5,0,9,1,1986.0,4,247,87,28,67,28,85,14,152,4,2008,755000
13966,4,2,1919,1991,206.0,407.0,106,174,749,942,373,30,2351,3,2,2,0,8,3,7,0,1904.0,3,126,120,20,181,23,0,13,503,6,2009,680921
39960,3,9,1906,1966,485.0,242.0,442,493,460,642,537,0,4557,0,1,3,1,5,1,5,0,1906.0,3,904,173,77,29,1,88,26,436,1,2007,755000
135933,3,5,1957,1964,21.0,484.0,110,118,1421,4641,529,32,4842,0,0,3,1,6,3,11,1,1914.0,3,330,12,5,56,9,1,6,397,5,2009,755000
28154,4,8,1985,1967,139.0,11.0,135,68,438,2698,662,10,2518,1,0,2,0,4,3,9,0,1966.0,0,656,326,27,33,2,7,14,827,11,2006,725963
65805,1,2,1971,1972,,736.0,65,870,738,518,633,22,1691,3,2,2,0,7,0,4,3,1917.0,4,231,32,27,23,4,47,20,443,3,2006,586808
105788,2,6,1970,2003,53.0,470.0,29,828,1439,579,12,56,5000,3,1,1,1,7,2,5,1,1937.0,1,299,225,15,141,2,118,29,549,8,2010,755000
184623,9,3,1874,2000,112.0,484.0,33,304,724,572,797,11,3397,0,1,3,2,8,0,12,1,1925.0,1,608,138,105,95,40,30,6,30,5,2009,755000
23962,10,5,1956,1979,122.0,42.0,319,127,620,853,586,25,2802,0,1,0,1,5,3,10,3,1937.0,3,1081,166,117,4,25,61,14,667,7,2006,755000
9692,2,8,1996,2007,460.0,609.0,110,169,865,4241,441,38,4254,3,0,0,0,0,3,6,0,1958.0,0,675,185,35,70,8,112,25,677,8,2009,755000
31835,5,1,2009,1983,424.0,51.0,131,897,1270,610,315,29,4570,2,1,2,0,8,2,7,3,1951.0,1,245,93,83,104,23,54,22,42,8,2010,755000
210975,9,5,1954,2007,360.0,123.0,129,687,1723,4362,176,22,2273,0,1,3,0,2,2,13,1,1932.0,0,488,4,3,97,3,110,25,23,2,2010,755000
114869,9,3,1896,1953,602.0,435.0,144,311,531,4643,307,25,4190,0,0,0,2,8,0,12,3,1920.0,4,427,21,12,5,21,27,4,150,2,2009,755000
53556,8,4,1939,1952,264.0,1402.0,158,523,572,939,533,36,384,0,1,3,0,6,2,3,0,1916.0,3,18,40,123,9,0,51,1,46,10,2006,656448
90435,1,2,1932,1956,321.0,468.0,357,329,861,4387,422,14,3310,1,0,2,2,2,0,10,3,2006.0,2,514,277,26,87,34,99,29,289,5,2007,722311
128778,1,9,1900,2005,260.0,627.0,81,360,1115,3046,700,3,1694,3,2,2,0,8,1,9,1,1961.0,3,331,113,25,76,28,53,1,8,3,2007,620382
36522,9,3,1998,1967,228.0,,44,1290,614,475,135,36,4070,3,2,2,0,6,3,8,0,1958.0,2,684,43,61,5,5,34,39,667,12,2010,755000
78673,8,2,1890,1991,178.0,673.0,279,702,1344,3995,706,14,4136,3,2,3,1,6,2,10,1,1901.0,1,422,137,23,33,58,12,9,238,12,2006,755000
211947,10,9,1945,1956,20.0,51.0,340,500,541,2703,557,35,4136,0,2,0,2,6,1,6,1,1963.0,2,886,2,4,64,25,8,38,736,10,2010,755000
124984,9,7,1932,1989,,732.0,170,341,49,2051,127,28,699,3,2,1,1,1,1,6,2,1924.0,0,588,71,74,21,13,34,31,196,1,2010,703896
195707,7,6,1891,1955,73.0,463.0,25,204,1265,3761,268,1,3289,3,0,0,2,3,0,12,1,1940.0,2,553,299,9,47,7,40,13,129,8,2010,755000
12265,3,1,1919,1971,213.0,796.0,69,897,1323,2658,291,17,3379,3,0,3,0,7,0,12,1,1918.0,1,991,315,124,118,35,0,9,1020,6,2010,755000
25838,3,5,1958,2007,114.0,176.0,75,45,1522,2178,942,50,2337,1,0,0,0,1,2,10,0,1937.0,1,575,179,70,35,9,40,1,322,3,2009,700278
109366,2,3,2010,1950,113.0,145.0,80,781,4,733,156,29,3235,1,1,1,2,3,0,12,0,1924.0,3,910,136,57,107,14,100,66,216,8,2009,738212
202964,5,1,1981,1953,66.0,625.0,134,552,667,2897,124,28,591,0,2,0,1,7,1,6,0,1938.0,1,217,65,90,84,4,18,4,366,11,2006,582682
114552,3,4,1899,1995,56.0,396.0,239,479,874,1856,332,5,3793,3,1,1,2,2,1,10,3,1903.0,0,4,204,58,96,13,79,37,539,1,2006,738841
140482,6,2,1930,1998,87.0,372.0,70,20,1878,1668,349,15,378,0,1,3,2,5,3,2,3,1902.0,2,556,150,92,125,14,26,24,378,3,2008,702251
211681,2,2,2004,2001,198.0,1027.0,58,15,920,2957,50,22,602,0,1,2,2,1,1,11,0,1933.0,4,800,34,35,42,4,73,15,289,9,2007,603830
159638,3,3,1922,1999,241.0,,24,655,326,572,99,14,1668,0,2,1,0,7,2,11,3,2005.0,1,213,245,39,67,20,22,31,168,6,2009,622849
185364,5,8,1883,1992,0.0,395.0,90,531,1148,3549,893,19,1005,0,1,3,2,7,3,12,2,1909.0,2,390,263,7,113,25,36,9,1043,1,2006,633459
100106,1,8,1921,1978,296.0,719.0,160,518,1654,3981,29,1,3972,0,2,2,0,0,0,9,3,1926.0,3,80,44,1,40,12,52,7,163,9,2010,727975
139282,1,7,2003,1970,326.0,679.0,181,614,1548,1950,236,26,568,0,2,1,1,2,3,4,2,1989.0,4,492,210,129,29,31,65,14,455,7,2009,586829
112289,10,6,1984,1975,164.0,873.0,85,274,1280,2763,116,28,3541,1,2,2,0,1,1,14,0,1990.0,3,496,247,75,85,5,22,29,96,1,2007,755000
92282,9,9,1885,1963,232.0,24.0,284,906,1131,3986,141,25,2734,2,1,0,1,6,2,9,0,1900.0,0,652,48,55,7,33,6,21,532,1,2009,755000
122926,7,4,1903,1958,296.0,529.0,61,357,133,2055,1408,18,1751,1,2,3,1,6,0,6,3,1943.0,3,374,170,113,24,23,41,5,427,5,2007,718172
120476,1,1,2010,2008,119.0,444.0,112,967,1012,1606,393,40,5423,0,2,3,1,3,0,3,0,1983.0,2,433,44,53,81,0,66,10,19,11,2008,755000
132578,8,8,1926,1996,310.0,,129,303,1089,3473,557,50,4704,2,0,3,0,7,1,10,0,1951.0,4,657,105,6,91,13,6,15,172,4,2006,755000
123709,3,7,1991,1961,58.0,778.0,8,727,920,3212,1270,15,5339,2,1,3,2,2,2,5,1,1924.0,3,553,136,161,23,17,53,20,610,12,2007,755000
24719,8,7,1946,1991,38.0,303.0,7,723,1353,1869,731,27,3588,3,0,1,0,8,1,8,0,1973.0,3,601,282,126,90,13,18,15,234,8,2008,755000
183008,5,3,1892,2000,139.0,861.0,35,94,912,869,318,39,773,0,0,0,1,4,1,13,1,1964.0,0,713,121,94,59,24,113,53,148,2,2009,653825
51315,1,4,2004,2005,328.0,102.0,69,244,815,1282,169,34,5516,0,1,2,2,1,2,9,0,1979.0,2,683,42,55,131,54,69,6,355,6,2006,755000
123396,7,9,1958,2000,135.0,184.0,38,76,1519,2976,821,1,5301,1,0,3,0,8,1,8,2,1910.0,3,1027,332,67,115,10,48,16,419,8,2007,755000
108359,5,6,1930,1955,296.0,302.0,88,845,793,4275,674,26,984,2,2,3,1,0,2,12,2,1967.0,2,611,124,95,209,15,9,19,444,1,2007,671047
186640,6,5,1960,1969,229.0,492.0,28,623,1032,1355,311,49,367,2,0,1,1,7,2,7,0,1998.0,1,612,38,93,160,25,25,3,87,3,2006,659765
111987,6,3,1954,1973,317.0,186.0,144,1139,1448,767,171,16,3086,0,0,1,2,5,1,13,2,1976.0,0,423,198,56,100,21,84,2,840,1,2009,755000
89239,8,9,1936,1976,39.0,825.0,3,581,494,1737,182,56,5296,3,2,1,0,0,1,8,2,1984.0,0,515,59,60,61,26,14,15,32,7,2009,755000
150513,9,5,1935,1987,141.0,553.0,236,792,440,3845,843,15,3366,0,0,0,2,3,3,5,2,1914.0,0,179,119,59,45,7,158,40,555,1,2010,755000
212728,2,5,1942,1957,10.0,551.0,147,968,1678,3269,191,32,5261,2,2,2,2,2,0,11,3,1956.0,2,345,12,14,23,0,106,38,1068,12,2009,755000
107178,9,4,1875,1950,214.0,674.0,79,721,703,4598,342,58,1444,3,1,0,2,6,0,2,2,1973.0,3,782,276,16,3,43,95,15,6,9,2006,753710
204282,10,4,1975,2003,304.0,247.0,18,346,1346,3667,532,25,3615,3,0,3,2,6,2,6,1,1963.0,3,112,38,51,33,3,50,27,455,8,2008,755000
188416,9,1,1964,1998,229.0,225.0,177,271,112,1936,170,35,795,2,1,1,0,5,3,9,3,2001.0,2,849,308,41,47,25,83,12,516,11,2006,722732
199586,10,7,1983,1998,99.0,976.0,262,468,251,562,849,42,655,0,0,3,2,7,2,11,1,,2,424,22,63,18,18,104,0,639,3,2007,739805
166199,10,9,1990,1973,4.0,230.0,52,818,1182,4551,711,23,4844,0,2,2,1,6,3,7,1,1995.0,1,272,10,21,59,31,100,57,240,12,2010,755000
188192,7,3,1930,1996,86.0,301.0,63,193,936,2530,249,47,2208,0,0,2,1,3,2,6,1,1996.0,4,430,53,107,21,0,69,39,791,12,2010,755000
63923,1,2,1914,1956,231.0,456.0,101,760,1186,3233,198,33,3373,1,1,0,1,6,0,3,3,1919.0,4,647,173,47,19,26,2,46,748,4,2008,690051
214106,7,3,1883,1968,238.0,642.0,22,629,1937,444,453,19,2571,1,2,0,2,0,3,11,0,1999.0,0,522,87,42,33,2,38,14,16,9,2007,755000
76750,10,1,1911,1971,210.0,467.0,253,1,381,1578,292,2,4355,3,2,1,1,2,1,13,2,1929.0,3,977,26,49,191,0,24,32,97,10,2009,755000
94726,5,6,1989,2006,156.0,,133,741,1019,4493,270,13,1590,0,1,1,0,1,1,6,2,1909.0,0,608,89,124,26,40,66,45,9,6,2009,693480
119145,6,7,1891,2004,95.0,867.0,310,556,1738,3019,181,57,2773,1,1,3,2,6,0,11,0,1953.0,3,627,8,61,61,11,17,3,60,5,2009,755000
154671,10,2,2002,2009,26.0,400.0,150,279,453,4135,566,1,4343,3,0,1,2,8,3,13,0,1957.0,3,634,99,7,217,4,88,10,515,5,2006,755000
44885,7,8,1961,1984,232.0,267.0,13,550,707,4201,825,25,3574,2,0,1,2,4,1,4,1,1978.0,1,534,170,12,75,3,5,10,232,1,2009,755000
110525,5,6,1965,1979,52.0,483.0,14,295,116,1711,684,25,4597,2,2,3,0,8,1,14,3,1928.0,2,438,92,139,57,7,102,62,332,12,2007,755000
65344,7,4,1884,1978,190.0,590.0,282,599,2118,2105,433,14,3636,0,1,2,2,7,1,3,1,1900.0,2,525,255,42,118,14,25,6,320,1,2010,755000
174929,9,5,1937,1971,43.0,1184.0,77,432,102,346,882,12,5603,2,1,1,2,0,0,4,2,1957.0,2,557,52,32,131,21,26,25,903,3,2006,755000
181452,3,8,1908,1960,275.0,563.0,3,111,1399,4668,469,50,3045,2,0,1,1,1,2,5,0,1920.0,4,486,3,0,17,28,22,24,672,2,2009,734726
110856,8,3,1937,1969,286.0,192.0,76,444,340,3595,264,22,1743,2,0,3,1,5,1,3,2,1914.0,2,814,313,33,86,27,25,49,778,10,2007,755000
3993,2,3,1907,1978,94.0,178.0,238,322,474,996,891,15,2762,3,2,3,2,4,1,5,0,1966.0,4,788,20,168,7,31,33,37,78,1,2008,682499
96559,7,4,1897,2000,355.0,903.0,355,754,1531,3426,588,4,2166,2,1,3,0,6,2,5,3,1932.0,0,204,457,49,66,37,32,18,409,12,2007,755000
201535,2,1,1946,1990,233.0,78.0,90,851,628,1027,820,24,2358,2,1,3,1,8,1,7,1,1937.0,4,742,234,26,7,17,21,2,403,5,2010,669138
27239,4,9,1979,1991,41.0,219.0,80,296,1325,3724,175,36,3680,3,1,3,2,3,3,13,2,1918.0,3,495,33,93,1,34,19,26,932,11,2007,755000
181297,7,8,1914,1983,56.0,800.0,23,184,1690,1515,44,2,5327,1,1,1,1,7,1,6,3,1903.0,1,423,177,83,149,33,74,17,288,3,2007,755000
175313,3,8,1879,1950,154.0,209.0,207,172,1100,3352,26,2,4265,3,0,0,1,3,2,8,2,1975.0,1,677,134,36,82,11,28,49,917,7,2006,755000
154206,2,6,1900,1980,165.0,778.0,40,174,1444,1838,372,30,3245,1,0,0,0,2,0,12,0,1988.0,3,571,128,7,67,16,3,25,310,8,2010,728017
19347,10,7,1911,1979,208.0,34.0,19,370,1040,2236,1029,45,5291,3,0,0,2,1,0,8,2,1997.0,0,275,321,74,62,15,101,14,615,10,2009,755000
27405,7,6,1999,1997,482.0,989.0,196,35,1063,4505,155,3,4579,0,2,1,1,7,3,4,3,1980.0,1,701,213,92,0,14,11,42,9,6,2010,755000
77066,1,9,1955,1967,194.0,748.0,127,857,682,662,662,4,3547,2,1,2,2,7,1,10,3,1957.0,3,478,311,4,50,1,27,22,764,12,2008,729849
148079,8,3,1987,2004,118.0,110.0,83,604,1964,1773,181,3,2497,1,0,1,0,2,1,8,1,1969.0,1,697,247,76,72,21,67,35,325,5,2010,755000
154348,3,3,1933,2007,175.0,264.0,37,451,1371,4180,1147,11,5253,3,1,0,0,0,2,8,2,1911.0,4,496,142,60,147,39,32,38,573,10,2006,755000
45562,2,3,1878,1966,54.0,1322.0,247,493,1260,4501,338,16,1786,1,0,0,1,5,2,3,0,1978.0,1,701,251,100,73,39,25,2,81,12,2009,657526
126417,3,3,1916,1987,88.0,315.0,238,622,1385,558,596,13,3087,1,2,3,0,4,3,13,2,1916.0,4,736,110,41,23,2,31,32,655,5,2010,753128
25076,5,9,1959,1963,5.0,94.0,199,753,661,2854,652,25,3235,2,0,3,1,7,3,11,1,1900.0,4,798,387,25,170,3,92,28,467,1,2009,755000
162452,8,4,1944,1972,305.0,954.0,6,823,1465,4048,548,9,3405,1,2,3,2,5,1,4,0,1913.0,1,347,201,148,2,15,60,21,652,12,2006,755000
129676,10,7,1908,1974,206.0,778.0,199,376,1777,2741,50,11,4380,3,1,1,1,3,1,4,0,1901.0,1,956,202,85,93,1,45,3,129,6,2007,755000
199214,7,9,1990,1964,638.0,873.0,195,443,309,1144,122,9,639,0,0,2,1,1,3,13,1,1903.0,4,464,134,92,26,31,18,34,647,6,2008,647376
193745,7,7,1928,1995,96.0,360.0,169,569,1270,3451,808,10,1718,0,0,2,0,7,0,14,0,,1,200,133,95,42,11,20,6,364,3,2010,745430
139148,7,9,1879,2005,106.0,1152.0,27,426,1031,3624,719,9,3701,2,0,3,2,4,0,7,3,1989.0,0,545,43,5,88,11,40,18,739,4,2009,755000
94087,8,3,1966,1971,176.0,124.0,221,848,740,2585,713,43,1908,3,1,2,2,7,0,5,3,1945.0,2,455,167,105,82,16,71,12,270,4,2010,740037
129248,1,4,1988,1952,344.0,179.0,89,990,453,2863,762,0,1206,3,2,0,1,4,0,5,0,1949.0,2,354,57,94,17,4,43,29,89,6,2006,582628
56316,4,8,1981,2005,244.0,555.0,178,637,1525,1257,314,36,502,0,2,0,2,5,3,2,2,1959.0,3,512,100,65,124,28,25,25,384,8,2007,632733
141846,6,6,1891,2004,199.0,867.0,201,136,1103,3386,326,17,1937,3,0,3,2,4,2,7,0,2003.0,2,687,8,137,41,16,101,41,92,12,2006,755000
190425,9,5,1995,1968,70.0,664.0,126,703,896,349,31,18,1364,1,1,3,1,2,0,9,2,1951.0,0,583,580,8,122,23,9,9,402,9,2009,755000
23259,2,4,1924,2006,118.0,366.0,297,653,1271,3930,108,44,2068,2,2,3,1,7,3,9,1,1996.0,2,833,74,56,86,13,121,26,725,9,2010,706876
137902,1,8,1990,1993,25.0,209.0,19,103,936,2737,65,9,4776,0,2,2,2,2,0,9,3,1947.0,2,469,278,64,19,2,50,12,207,5,2009,755000
120401,10,1,1883,1983,1.0,869.0,52,653,647,4344,410,1,4001,2,2,1,1,3,1,6,3,1938.0,0,606,23,92,141,51,38,1,181,8,2006,755000
5048,2,9,1888,1984,35.0,705.0,215,282,1064,2980,746,7,5164,1,2,3,0,5,0,11,1,1969.0,4,562,76,54,19,1,25,42,226,8,2010,755000
14845,7,1,1935,1999,79.0,50.0,232,798,985,1435,182,25,1610,0,2,2,2,1,3,7,1,1959.0,2,965,108,42,52,31,2,7,113,10,2009,755000
128959,3,8,1913,2010,43.0,38.0,14,700,112,3309,26,23,876,3,0,3,1,6,1,6,3,1929.0,3,246,80,22,158,61,113,18,407,4,2010,589054
198571,10,4,1965,1950,37.0,,91,589,685,1424,625,39,688,3,0,1,2,4,1,5,1,1985.0,2,358,98,66,100,10,52,8,12,4,2008,725330
167138,2,9,1882,2001,184.0,130.0,70,515,367,3240,187,21,5142,1,0,3,2,4,0,13,0,1926.0,2,1020,140,32,116,6,92,42,658,3,2006,755000
74830,7,5,1969,1970,454.0,811.0,374,353,174,2080,342,5,4370,0,2,0,0,4,0,5,0,1982.0,0,444,134,30,48,21,56,20,261,5,2006,755000
94857,2,3,1942,1978,54.0,574.0,159,14,1233,4643,167,25,3773,2,2,3,0,1,1,5,2,1973.0,0,106,70,40,116,31,35,21,139,8,2008,747630
62387,3,9,1979,1955,117.0,623.0,191,447,665,2054,435,17,917,0,2,0,2,8,2,5,2,1954.0,3,996,81,47,96,9,53,40,296,8,2007,614659
70140,7,9,1929,1986,110.0,476.0,74,1107,1520,782,105,59,844,3,0,0,0,2,3,7,2,1969.0,1,257,173,136,69,5,84,2,942,9,2009,664961
119751,4,4,1905,1950,5.0,495.0,129,725,85,3346,590,30,1280,0,2,2,1,6,3,7,0,1925.0,0,524,47,75,80,19,61,20,77,1,2007,631150
186756,1,4,1891,2000,97.0,232.0,89,1225,851,3838,286,25,3807,0,0,2,2,4,3,6,3,1941.0,1,769,169,0,130,21,76,46,1985,12,2010,755000
52305,5,8,1921,1950,57.0,717.0,232,533,692,1902,5,36,1532,3,2,0,0,4,3,13,2,1966.0,3,725,7,5,53,14,15,5,628,4,2009,685084
178948,9,2,1973,1976,112.0,174.0,154,487,211,3520,512,21,3205,3,0,0,2,3,3,12,0,1966.0,2,281,7,110,78,5,45,23,519,6,2009,755000
40653,8,9,2009,1970,244.0,386.0,109,1070,1002,3825,6,18,4329,2,1,3,2,5,1,12,3,1951.0,2,1096,136,24,18,18,80,30,1145,5,2009,755000
194375,9,6,1923,2002,80.0,210.0,40,436,254,2880,11,5,4255,0,2,3,1,6,3,10,1,1905.0,1,631,64,45,13,8,52,31,12,4,2008,755000
54033,10,9,1886,1965,46.0,458.0,68,105,1111,1381,180,1,4507,3,2,0,1,6,2,9,0,1909.0,3,489,5,64,145,19,41,28,656,11,2006,755000
66618,9,8,1955,1993,156.0,629.0,69,626,1360,1398,381,6,4869,1,0,2,1,7,2,11,1,1937.0,3,250,15,37,45,5,72,30,256,3,2008,755000
156036,7,7,2002,2008,164.0,3.0,84,949,1133,4155,513,1,3637,3,2,3,0,4,0,7,2,1976.0,0,620,23,26,206,14,14,57,236,2,2008,755000
68472,4,1,1908,2010,22.0,501.0,144,169,1196,901,766,39,2781,2,0,3,0,6,0,12,3,2001.0,1,875,98,2,4,20,31,66,254,9,2008,755000
94564,5,3,1997,2003,487.0,220.0,59,735,1515,1770,119,2,3618,2,0,3,0,3,0,10,0,1911.0,0,429,43,57,96,13,36,4,526,10,2007,755000
28036,1,2,1911,1989,77.0,,64,462,986,3039,19,13,1550,1,1,2,1,8,0,6,2,,1,62,183,84,108,16,0,32,1034,3,2008,586795
114159,1,5,1943,1975,132.0,45.0,24,680,586,2817,424,7,1624,2,1,0,2,4,1,11,2,1948.0,0,323,49,1,35,2,8,22,107,4,2006,587781
113481,3,5,1911,1965,237.0,1.0,14,625,695,4113,569,58,4555,0,2,3,1,2,2,5,3,1990.0,0,416,150,117,128,15,8,27,315,1,2009,755000
133226,8,5,1927,1977,84.0,256.0,68,334,706,3128,590,19,835,2,2,2,0,4,1,7,1,1971.0,3,118,94,31,22,22,1,5,168,1,2007,658266
91384,2,4,1975,1950,4.0,29.0,27,457,478,2194,489,42,3205,1,0,2,0,8,2,5,2,1962.0,3,630,338,95,89,58,95,13,131,10,2008,737410
170995,4,5,2010,1985,558.0,310.0,139,358,1392,3670,157,0,720,2,0,2,0,7,1,9,3,1968.0,2,683,231,17,63,13,42,8,380,9,2008,674418
8692,2,3,1981,1959,,188.0,155,547,1263,2224,413,9,745,1,0,2,1,0,2,8,3,1999.0,2,321,121,107,81,41,47,37,99,11,2009,619202
56980,5,1,2007,1992,222.0,435.0,141,161,167,4625,335,10,2340,2,0,3,0,4,0,6,0,2001.0,3,710,171,17,23,4,11,51,69,4,2009,739150
179089,9,5,1964,1966,167.0,803.0,84,257,586,1431,429,27,5547,3,2,0,1,5,2,11,2,1942.0,3,271,287,0,9,41,15,29,452,10,2007,755000
52159,1,9,1965,2006,118.0,428.0,56,334,454,1972,302,44,2481,1,1,0,2,1,0,7,1,1993.0,0,167,50,84,68,10,90,17,1229,4,2006,606043
126957,5,9,1927,2008,229.0,464.0,40,656,1158,1992,157,8,4202,2,2,2,1,5,2,12,1,1959.0,2,236,181,73,81,4,79,11,154,6,2007,755000
158681,9,4,1931,1972,308.0,22.0,202,66,1538,1459,155,7,1672,0,2,0,0,8,1,8,2,2000.0,3,293,236,9,144,9,28,38,593,2,2009,755000
196106,1,3,2009,1956,22.0,346.0,81,457,1224,597,46,1,686,1,2,3,2,3,3,3,1,1928.0,1,697,187,80,5,35,104,21,102,6,2006,607380
71767,9,1,1910,1993,269.0,231.0,157,216,649,3326,184,35,5298,1,1,0,0,2,2,10,3,1985.0,1,639,255,36,103,44,3,21,272,7,2008,755000
185034,8,2,1899,2002,66.0,672.0,110,335,840,494,456,6,3522,2,2,0,2,8,1,8,3,1977.0,2,271,338,54,30,9,62,71,122,1,2008,755000
99806,4,8,1920,1956,137.0,94.0,45,235,303,1590,14,69,1636,3,1,1,0,1,3,9,2,1973.0,1,331,86,66,4,26,12,54,11,8,2010,634565
111051,10,1,1996,1993,119.0,55.0,19,577,341,644,151,0,1180,3,0,0,1,8,1,6,1,1910.0,0,942,230,46,16,10,23,15,357,6,2009,755000
120206,5,8,1884,1964,12.0,526.0,109,437,1423,560,24,57,5532,2,2,0,0,1,3,4,3,1934.0,2,704,51,45,86,3,63,18,748,9,2010,755000
145060,5,7,1907,1983,69.0,1192.0,17,784,1722,606,162,21,859,2,0,2,1,2,0,3,2,1922.0,3,147,234,50,13,31,39,20,523,4,2007,673051
26642,6,8,1972,1995,49.0,329.0,34,660,642,2256,567,36,2858,0,0,2,1,6,2,3,3,1971.0,1,831,365,23,139,1,5,20,167,11,2007,755000
169529,7,6,1897,1994,122.0,467.0,295,114,1024,3491,616,1,2212,2,0,1,2,1,1,4,2,1920.0,0,1064,94,37,115,5,14,30,472,2,2006,755000
200235,8,9,1957,1953,251.0,779.0,199,116,1360,2672,904,39,4439,1,2,3,1,0,2,2,0,1936.0,3,493,21,108,29,4,8,28,48,9,2009,755000
107608,8,3,1875,1963,119.0,603.0,53,430,168,1935,303,9,3964,2,0,1,1,8,0,2,0,1927.0,4,424,113,29,163,30,66,8,523,8,2006,755000
184455,2,4,1953,1963,69.0,606.0,74,482,475,4052,131,13,4143,0,2,0,1,5,0,8,2,1994.0,0,393,248,21,133,10,45,34,1262,2,2006,755000
107381,9,6,1998,1965,1.0,361.0,191,151,1996,2756,791,35,3153,2,0,0,2,8,2,11,0,1957.0,1,422,307,15,137,11,70,46,78,8,2007,755000
198105,7,8,1959,1956,63.0,,53,1021,521,2259,398,26,3241,2,2,3,0,2,1,13,0,1952.0,0,692,317,70,66,9,24,36,652,11,2007,755000
90345,4,5,1998,1981,132.0,97.0,162,845,819,900,170,18,3411,1,2,3,0,2,1,12,1,1927.0,4,341,241,27,93,40,30,22,126,8,2009,755000
35998,4,3,1991,1968,445.0,594.0,219,157,698,3249,53,20,4164,3,2,2,1,2,1,9,0,1941.0,4,691,44,46,111,8,145,38,677,5,2007,755000
111378,8,6,1893,1951,230.0,585.0,240,638,2,585,1117,29,1392,2,0,0,1,1,2,7,1,1990.0,0,500,208,132,111,35,1,1,1005,7,2009,681132
81923,4,4,2001,1959,33.0,686.0,21,481,1041,2688,89,43,2823,0,2,0,0,5,1,8,0,2003.0,3,352,135,71,58,13,0,15,390,7,2010,735346
23971,6,9,1902,1999,31.0,204.0,93,997,987,3835,733,37,3982,2,0,0,1,2,1,2,0,1984.0,3,589,84,0,15,26,160,46,196,4,2008,755000
157556,5,3,1990,2010,62.0,732.0,36,127,1090,2645,288,25,5600,2,1,0,0,4,3,2,3,1972.0,4,446,262,3,43,6,59,3,568,6,2010,755000
94684,3,4,1882,1966,59.0,853.0,140,1323,957,2449,158,63,3598,1,0,0,2,4,1,10,2,1992.0,2,340,166,8,68,44,84,41,252,10,2007,712552
174479,10,7,1917,1986,62.0,85.0,112,162,770,1936,1419,5,3935,3,0,0,1,2,0,6,0,1960.0,2,492,200,39,31,22,212,11,59,6,2008,755000
87502,2,7,1967,1961,194.0,281.0,151,651,741,3604,377,54,2627,3,2,0,1,2,1,8,2,,3,496,138,24,30,4,92,58,762,6,2008,706530
52963,9,4,1881,1955,428.0,870.0,177,257,749,847,450,31,1008,3,0,0,0,0,2,7,2,1932.0,2,380,110,46,82,19,47,48,856,9,2006,687355
17008,10,6,1999,1971,207.0,140.0,273,349,505,775,513,10,2212,2,1,2,0,5,2,5,3,,3,296,142,133,98,27,43,5,206,2,2008,755000
93206,9,3,1970,1981,155.0,611.0,55,175,583,334,482,33,1345,1,2,1,2,2,1,2,2,1936.0,1,522,47,51,140,28,8,27,533,10,2009,726284
51111,1,6,1983,1990,352.0,403.0,177,978,514,1236,1160,71,1127,1,0,0,1,0,2,5,2,1946.0,3,551,181,93,125,23,6,6,188,8,2007,586107
135183,10,2,1931,1969,275.0,532.0,124,392,1286,1554,1014,30,566,2,0,2,0,8,2,11,0,1935.0,1,599,382,26,19,31,63,33,355,8,2007,755000
57550,3,8,1958,1950,36.0,,239,419,1153,2655,72,46,3361,1,2,0,2,0,1,11,3,1927.0,4,591,159,15,7,19,46,14,0,1,2006,755000
113847,8,2,1936,2003,252.0,698.0,195,1424,1013,1189,1107,0,3943,3,2,3,0,4,3,9,2,1909.0,2,829,257,44,18,24,61,67,171,11,2006,755000
204454,6,7,1928,1996,66.0,8.0,45,883,1971,1351,19,5,2507,1,0,0,0,4,3,14,0,1922.0,4,228,87,100,81,16,123,37,718,2,2007,753169
125549,5,9,1977,2002,286.0,34.0,14,232,537,2554,428,52,3718,2,0,1,2,1,3,13,3,1991.0,0,896,211,6,65,16,9,19,789,4,2006,755000
36054,5,1,1880,2007,131.0,985.0,44,255,1559,3838,280,18,4940,2,2,2,2,0,3,12,0,1997.0,0,165,166,59,171,21,138,42,442,5,2008,755000
143783,6,8,1893,1955,24.0,1240.0,233,603,869,529,714,23,2662,0,2,3,2,5,0,14,3,1904.0,4,811,251,57,75,15,33,5,282,5,2008,755000
135283,7,7,1960,1968,100.0,397.0,164,808,1078,1666,177,22,1131,0,1,3,2,6,1,2,3,1981.0,3,625,26,43,35,9,50,30,411,6,2009,734651
199642,1,6,1889,1967,430.0,1086.0,7,1200,1335,1851,159,22,4018,1,1,0,2,8,2,3,1,1905.0,3,371,237,101,120,6,82,37,240,7,2006,722750
141052,9,6,1986,1955,144.0,91.0,11,143,761,3031,775,12,4821,1,1,1,2,7,2,9,1,1941.0,2,105,17,47,0,36,53,26,449,1,2007,755000
86196,3,6,1977,1994,103.0,187.0,22,790,471,3441,874,16,4811,2,2,1,1,2,1,3,1,1946.0,4,126,260,35,38,9,1,19,108,7,2010,755000
72595,4,9,1886,1982,292.0,982.0,109,855,554,1391,888,24,2923,0,2,0,2,8,2,12,2,1986.0,0,341,271,41,34,10,17,41,598,6,2007,705430
101989,10,2,1934,1972,172.0,721.0,252,184,53,3039,309,15,5035,0,2,0,1,0,0,14,0,1927.0,4,611,75,92,78,19,40,34,545,5,2010,755000
12411,1,1,1884,1972,127.0,1042.0,68,355,1303,2397,929,31,4545,3,0,2,0,5,3,13,3,2004.0,4,366,144,34,81,11,104,1,544,6,2010,755000
38804,10,6,1952,1975,221.0,587.0,123,152,1291,3126,179,5,842,3,2,2,0,1,1,11,0,1912.0,2,490,57,24,102,40,60,41,608,11,2009,749994
134174,3,8,1903,1962,95.0,,49,299,1791,754,1120,38,1797,2,0,0,2,8,2,10,2,1924.0,3,390,163,31,3,3,22,13,477,8,2010,668988
9455,2,3,2008,1956,267.0,489.0,21,592,1207,3148,549,44,3696,2,2,0,0,8,0,4,1,1906.0,0,542,95,43,33,66,50,4,521,12,2008,725738
206028,2,1,1911,1964,39.0,880.0,32,1137,1327,3174,400,4,3444,2,2,3,2,7,2,4,1,1965.0,2,154,56,74,102,15,104,6,265,6,2008,723611
40684,1,9,1953,1993,116.0,346.0,131,1174,959,1365,303,15,1381,2,0,1,2,6,0,7,0,1979.0,0,433,2,175,32,12,129,50,177,5,2009,587471
113861,8,1,1948,1976,167.0,285.0,11,88,1232,1825,294,29,5205,0,2,2,1,5,2,4,0,1957.0,0,631,306,132,28,0,50,15,395,6,2007,755000
48554,3,3,1947,1975,,593.0,120,1083,1544,2219,28,32,5496,2,2,0,0,1,3,10,3,1965.0,3,1131,21,44,75,13,72,15,292,9,2007,755000
23218,3,8,1909,1982,303.0,176.0,52,279,1090,843,127,18,5623,2,2,0,2,3,1,12,0,1935.0,3,710,8,81,57,24,33,9,726,12,2007,755000
87281,6,3,1942,1964,31.0,518.0,65,266,739,2193,154,35,4769,0,1,2,0,6,3,9,3,1901.0,2,453,98,18,31,22,37,20,1088,1,2007,755000
193085,8,4,1919,1985,183.0,425.0,281,379,889,2192,776,32,502,3,2,3,1,5,3,5,3,1937.0,1,340,218,57,98,3,31,23,33,3,2008,680462
31606,9,8,1889,1994,124.0,203.0,11,600,1375,1247,258,46,1895,2,0,3,0,8,2,7,1,1973.0,2,614,245,58,77,10,39,8,1039,3,2008,755000
149018,9,1,1910,2004,222.0,792.0,50,542,754,2399,836,57,3506,3,0,0,1,4,3,9,0,1913.0,2,290,148,18,31,9,75,73,587,9,2009,755000
48143,4,6,1960,1976,73.0,658.0,346,646,1444,3300,357,33,908,0,0,1,1,5,1,5,1,1926.0,1,536,25,15,5,3,41,12,295,3,2009,632884
122275,5,1,1933,2006,145.0,258.0,160,426,1954,4171,612,10,2076,3,2,1,1,5,0,14,3,1914.0,0,579,165,65,39,15,28,12,143,6,2009,734707
97901,2,1,1980,1954,357.0,394.0,84,883,1450,1930,633,10,4904,0,0,0,2,7,0,6,1,1984.0,4,450,173,33,107,2,119,9,576,9,2007,755000
108812,9,8,1952,2010,130.0,291.0,68,776,1373,1389,671,62,4350,2,1,2,2,7,2,8,1,1911.0,1,743,224,42,50,1,43,9,428,10,2007,755000
148743,8,4,2005,1951,203.0,144.0,121,384,1173,1357,308,24,2692,3,0,1,0,5,1,9,3,1942.0,4,476,13,40,33,23,18,10,1473,5,2008,755000
209743,3,1,1948,2004,303.0,279.0,56,836,611,3538,320,9,4358,2,2,2,2,7,1,8,2,1996.0,0,387,101,20,28,19,69,42,737,10,2008,755000
112772,9,7,1961,2007,423.0,206.0,183,1327,566,909,657,52,864,1,1,2,2,6,0,9,2,1956.0,1,372,145,39,84,4,144,49,136,11,2006,750314
134421,3,5,1885,1982,226.0,150.0,49,230,561,532,116,17,1324,1,0,2,0,0,0,5,0,2003.0,3,177,28,55,7,0,106,35,50,9,2006,576966
163988,9,5,1966,1965,52.0,445.0,155,1170,1277,1699,177,20,2454,3,1,3,1,4,3,2,1,1985.0,2,144,148,75,118,34,5,29,957,9,2007,755000
105027,2,1,1925,1972,25.0,576.0,285,266,805,2332,114,25,5298,0,0,1,1,4,2,7,0,2001.0,1,649,74,62,7,10,40,11,434,6,2008,755000
114193,10,6,2003,1987,187.0,79.0,26,1064,985,1350,415,1,2775,3,2,3,0,8,0,6,1,2007.0,1,869,118,24,83,34,14,17,60,8,2007,755000
22232,9,9,1910,2004,27.0,549.0,42,281,1209,3952,1068,44,2862,0,1,1,2,6,0,12,0,1947.0,0,1037,260,35,141,6,41,16,307,9,2010,755000
119096,8,9,1943,1965,218.0,17.0,18,806,579,359,319,45,2854,1,0,0,0,6,1,5,0,1960.0,3,779,96,61,49,24,30,13,1080,9,2006,755000
31155,9,8,1896,1963,91.0,349.0,34,571,749,1892,1100,36,4742,0,0,2,0,1,1,3,3,1981.0,1,630,120,17,55,44,52,17,104,8,2009,755000
193806,5,5,1948,1978,133.0,159.0,220,214,1161,4058,506,9,1795,1,1,1,2,7,1,2,2,1943.0,3,576,12,10,12,4,11,13,132,4,2007,708063
205066,2,1,1991,1975,1.0,698.0,123,1266,854,3792,118,12,1285,3,1,1,0,2,0,10,2,1951.0,4,827,63,20,46,46,45,22,850,8,2010,646846
175388,8,9,1924,1984,112.0,446.0,278,141,901,3690,758,6,5442,2,1,0,2,8,2,13,2,1961.0,1,407,133,70,99,21,103,13,582,2,2009,755000
8700,6,1,2002,1964,,355.0,105,7,483,2701,202,13,1298,2,1,3,2,5,3,3,3,1901.0,3,950,99,91,146,14,7,45,772,3,2010,741632
119158,8,8,1967,1952,79.0,149.0,203,244,908,804,400,8,2468,2,0,1,0,8,2,10,2,1992.0,2,490,7,105,42,30,62,3,117,9,2008,755000
175014,5,5,1943,1972,467.0,268.0,196,1512,1826,2801,234,8,4788,0,0,1,1,8,0,7,3,1970.0,0,564,27,10,117,36,36,2,4,10,2008,755000
16451,10,3,1933,1978,394.0,1131.0,35,1,776,1219,303,34,1028,2,0,3,2,6,3,14,1,1930.0,3,506,149,170,130,23,3,15,120,4,2008,751342
183779,2,7,1877,1983,30.0,199.0,175,571,426,1209,521,1,2578,0,2,3,1,7,2,7,3,2004.0,0,781,255,0,52,0,63,2,197,2,2009,691315
67990,6,7,1903,1982,112.0,591.0,41,50,1479,1275,741,76,3137,2,1,1,2,1,0,3,0,1981.0,1,497,160,30,76,10,29,5,413,3,2009,755000
5799,5,9,1970,1990,42.0,354.0,219,119,1261,3375,1078,2,4245,0,0,3,1,4,2,7,0,1972.0,1,601,10,122,75,29,66,48,804,7,2008,755000
7595,5,7,2009,1990,126.0,580.0,255,139,1106,905,23,8,3358,0,1,0,0,2,0,4,1,1971.0,4,195,68,63,97,7,109,20,262,9,2009,755000
122185,1,3,2002,1972,151.0,734.0,1,626,340,4483,885,20,1742,1,1,0,2,0,1,8,1,1932.0,0,451,67,53,15,32,13,3,365,7,2008,605499
127371,2,1,1947,1956,205.0,258.0,250,435,411,938,825,30,5571,1,0,2,0,5,2,14,0,1904.0,2,761,152,26,59,21,39,31,726,8,2007,755000
60340,8,8,1930,1952,480.0,683.0,119,47,231,3863,103,7,4927,3,1,1,0,8,1,11,2,1977.0,2,288,96,45,137,23,26,5,178,3,2008,755000
13483,3,3,1902,2007,173.0,1502.0,205,849,1215,715,855,20,5337,1,1,0,0,1,1,5,2,1957.0,3,493,59,44,56,47,99,23,64,7,2006,755000
161671,10,8,1964,1981,20.0,627.0,14,891,1509,1570,677,10,3312,0,1,0,2,8,3,10,2,1976.0,2,490,28,117,88,3,152,47,141,1,2007,755000
145246,3,8,1940,1980,40.0,1045.0,115,662,1232,2714,756,18,795,1,1,0,0,7,3,6,1,1910.0,0,353,198,78,42,40,32,10,72,12,2008,582973
117636,8,5,1923,1967,258.0,592.0,239,968,1974,4113,1166,26,1951,1,1,2,0,8,2,13,0,1983.0,1,754,101,106,20,33,3,8,40,6,2006,755000
34011,8,1,1960,1992,393.0,27.0,114,360,779,2439,740,25,750,1,0,3,2,4,0,11,3,1922.0,0,623,23,22,29,14,34,32,915,3,2008,707478
6839,2,7,1998,1956,237.0,510.0,38,628,838,1851,554,50,1722,0,0,2,0,1,3,4,1,1944.0,0,725,272,63,26,8,96,31,270,2,2007,645676
185723,8,5,1902,1990,3.0,267.0,134,361,1053,1867,429,43,4701,0,1,2,2,5,3,2,0,1926.0,1,762,10,191,8,14,15,22,506,4,2008,755000
193639,1,8,1955,1950,115.0,161.0,49,102,885,3628,326,38,4821,3,1,2,0,6,1,2,2,1978.0,0,507,29,29,27,2,128,0,974,11,2009,754070
180726,6,9,1998,2010,501.0,370.0,91,587,1249,3774,360,38,2928,1,1,2,1,2,1,14,2,1993.0,2,893,178,48,9,8,4,0,118,9,2008,755000
127363,8,7,2003,1963,136.0,338.0,137,563,680,3823,337,28,5154,1,2,1,0,5,0,5,2,1955.0,3,195,18,45,113,47,90,18,261,6,2007,755000
134929,3,7,1884,2001,215.0,23.0,54,487,302,4279,66,30,2080,0,1,1,1,5,3,11,0,1958.0,3,462,99,37,90,1,10,21,390,12,2010,661228
39660,8,1,1916,1981,,,228,649,105,1204,111,24,3835,3,2,0,2,7,3,11,2,1979.0,0,537,349,5,54,32,112,12,100,9,2008,755000
214390,1,4,1998,1955,286.0,723.0,5,1064,1240,2484,87,71,3193,3,2,2,1,0,0,5,0,2008.0,1,65,16,47,66,5,74,17,322,8,2009,730554
134572,9,2,1985,1988,164.0,497.0,214,418,737,3566,165,6,4312,0,2,2,2,3,3,10,1,1939.0,4,853,54,150,61,25,5,0,110,5,2007,755000
200869,9,2,1891,1959,65.0,435.0,514,117,415,3565,247,48,4824,1,0,0,0,0,2,9,3,1917.0,0,282,57,41,128,52,100,6,28,8,2006,755000
179347,5,2,1952,1956,49.0,880.0,45,400,690,4100,342,29,5091,3,2,3,1,7,2,5,2,1950.0,0,517,43,124,106,56,27,64,82,2,2010,755000
22657,10,4,2000,1975,77.0,1230.0,142,445,1976,3541,534,23,1186,3,1,1,0,1,0,7,1,1960.0,4,688,204,230,0,0,15,8,340,8,2008,755000
120421,4,1,1888,1983,333.0,674.0,121,893,444,4160,174,7,3624,1,1,2,1,7,1,8,1,2010.0,3,1079,115,7,51,6,43,19,31,1,2007,755000
78805,6,4,1929,1979,79.0,448.0,83,542,1363,1946,811,21,2045,3,0,3,2,2,0,11,0,2005.0,3,83,493,80,30,33,37,4,122,11,2009,735740
4169,7,2,1943,1985,41.0,989.0,168,40,1210,1411,284,35,2859,1,0,3,2,7,2,9,1,1922.0,4,649,18,30,7,1,89,18,197,12,2009,755000
193507,5,5,1980,1970,87.0,456.0,12,822,1670,1634,669,2,3980,3,1,2,2,5,3,5,0,1935.0,1,431,168,35,108,27,78,6,378,3,2007,755000
51408,10,3,1894,2009,365.0,574.0,49,758,938,2492,178,30,2364,3,0,2,2,0,3,2,0,1937.0,0,661,230,207,61,17,13,53,338,7,2009,755000
113596,9,8,1943,1966,186.0,800.0,178,542,219,2605,1397,0,570,0,0,3,0,6,1,6,1,1971.0,2,734,118,87,8,48,16,26,323,4,2010,688724
95479,3,4,1879,1982,10.0,245.0,1,879,1496,2863,486,62,1390,3,2,1,0,6,1,2,0,1955.0,3,604,182,64,88,12,40,19,36,11,2006,651686
91572,7,1,1930,1959,438.0,430.0,185,946,875,3594,954,25,2594,1,2,1,0,5,2,12,0,1938.0,3,519,100,31,65,21,69,29,508,7,2009,755000
39767,10,1,1982,2000,193.0,225.0,90,349,1637,697,22,11,2760,3,0,2,0,0,1,12,0,1992.0,3,235,184,5,16,36,78,95,45,1,2009,755000
24628,10,3,1884,1996,95.0,709.0,87,139,1407,1179,121,14,1359,0,1,2,0,4,0,5,1,1975.0,1,253,26,9,82,23,54,58,202,7,2006,755000
92712,5,9,1887,1991,104.0,681.0,31,495,1497,3366,199,7,1242,3,2,0,2,0,2,8,3,1981.0,4,701,8,21,49,1,89,22,244,3,2010,695860
136359,7,7,1990,2000,89.0,937.0,43,714,2184,1661,1289,67,783,2,1,0,0,0,3,8,0,1982.0,1,285,177,98,104,46,10,31,639,2,2010,712343
60171,2,2,1873,1961,86.0,241.0,227,457,1140,3496,214,27,902,1,0,1,0,5,3,2,2,1999.0,3,606,155,89,64,23,41,11,121,9,2010,580418
154771,4,9,1901,2005,30.0,1032.0,254,104,1721,725,29,4,3832,2,1,0,0,7,3,10,1,1996.0,0,825,38,34,84,1,25,11,233,2,2009,755000
129691,2,2,1974,1965,,474.0,127,565,797,3589,820,18,3194,0,1,3,2,0,1,3,1,1968.0,3,175,146,9,33,34,3,20,73,3,2009,722948
178586,7,3,1884,1990,201.0,641.0,449,313,1270,2393,323,41,2660,2,1,3,2,1,2,6,0,2002.0,0,826,42,92,97,2,137,6,82,3,2010,755000
87716,2,2,1967,1981,179.0,,211,370,748,3571,212,4,4643,3,1,3,2,4,1,7,1,1927.0,0,817,276,154,42,10,66,50,170,4,2009,755000
71571,1,3,1965,1964,303.0,,251,840,1239,2380,55,23,1642,1,0,3,2,7,0,2,2,1989.0,3,585,65,109,123,3,15,14,986,11,2008,644170
45364,9,6,1953,1976,59.0,1.0,212,862,1187,4575,495,13,1051,2,0,2,0,3,2,13,3,2006.0,3,346,3,52,10,13,21,31,251,7,2009,751552
202463,1,9,1884,1977,,15.0,215,1003,30,1639,725,44,1303,3,2,3,0,4,1,3,1,1920.0,0,633,30,104,51,12,12,63,315,7,2010,584632
108750,8,9,1965,1966,162.0,828.0,56,422,694,3228,615,3,3679,2,2,1,1,4,3,8,1,1961.0,1,455,165,107,9,8,13,39,75,9,2007,755000
173190,2,7,1983,1995,21.0,277.0,122,739,1115,2366,108,20,2819,3,2,0,0,2,3,7,1,1922.0,1,322,527,54,28,38,143,3,287,10,2010,684286
177897,8,3,1926,2008,111.0,1211.0,52,29,128,1098,95,8,3989,3,2,1,2,5,0,7,0,1920.0,1,534,295,54,52,18,36,1,455,8,2007,755000
21130,3,4,1952,1999,83.0,401.0,428,351,952,832,1307,43,3052,2,1,2,2,4,0,7,2,1974.0,2,281,91,10,100,8,105,0,356,6,2009,725281
149801,6,6,1987,2007,,188.0,228,983,1504,3702,78,1,1237,0,2,0,0,1,0,8,3,2005.0,0,204,125,98,14,3,13,48,107,6,2009,662606
139265,3,5,1979,1951,88.0,131.0,90,306,1650,3278,151,40,1784,1,2,0,1,3,3,11,2,2002.0,2,364,27,34,140,15,61,35,284,5,2007,695503
117681,7,2,1924,1985,355.0,446.0,304,1139,608,4138,276,31,1789,0,1,0,2,3,1,13,2,1915.0,2,69,30,18,53,34,33,31,330,2,2010,707581
212281,10,6,1999,1999,258.0,606.0,102,203,1682,4547,191,0,4564,2,0,3,1,6,3,13,1,1961.0,0,799,44,16,15,14,37,13,325,6,2006,755000
48633,9,3,1928,1956,257.0,6.0,33,1063,1604,469,1420,54,865,3,2,2,2,6,3,10,3,1996.0,2,629,77,42,118,39,91,10,581,6,2006,748894
135808,2,8,1923,1962,152.0,627.0,1,513,73,1434,496,62,2601,2,0,1,2,8,3,10,2,1990.0,0,284,221,16,108,41,48,4,241,12,2010,665634
206662,5,2,2008,1964,92.0,734.0,141,148,1057,2205,195,24,666,3,2,3,0,1,1,3,3,1964.0,4,372,50,221,12,6,18,6,136,5,2009,669374
77513,6,1,1982,1974,165.0,143.0,219,1065,1113,4367,562,39,5583,3,0,0,2,5,3,3,0,2007.0,4,689,115,76,21,29,107,39,415,6,2007,755000
138267,4,9,1872,1972,112.0,1187.0,56,17,1759,4447,456,51,1655,0,2,1,1,1,0,6,1,1979.0,0,818,88,12,23,25,8,23,102,5,2007,667715
152110,4,3,1915,2009,127.0,186.0,147,181,1143,4346,119,46,4386,0,0,1,1,8,0,11,0,1904.0,0,526,14,56,14,17,28,2,304,11,2010,755000
32046,4,1,1946,1971,,0.0,58,695,1696,538,415,12,2042,2,0,1,0,1,0,8,3,,0,435,8,92,36,26,83,22,28,12,2010,704781
50677,2,7,1969,1975,320.0,211.0,190,532,609,2705,512,54,3860,1,2,2,2,5,0,13,1,1963.0,1,91,1,59,92,4,4,9,555,4,2008,744952
180776,4,5,1880,1982,128.0,888.0,14,609,200,895,709,35,734,0,0,3,1,7,3,13,0,1981.0,0,419,189,17,32,27,43,28,839,3,2007,574298
55345,1,5,1903,1960,27.0,409.0,88,352,676,3648,410,0,3964,3,2,2,0,5,3,14,1,1940.0,3,215,34,37,21,18,36,25,444,1,2008,724196
99188,6,1,1886,1959,9.0,208.0,39,20,1788,4294,559,35,3371,2,2,0,1,2,3,4,0,1997.0,4,208,355,29,11,17,82,41,811,11,2009,755000
172162,1,9,2007,1974,221.0,189.0,37,239,1462,2860,863,16,4325,2,1,0,0,4,0,4,2,1943.0,4,808,27,15,4,5,23,18,744,4,2007,755000
108755,10,7,1943,1986,198.0,244.0,359,1028,2161,2545,1055,35,1812,1,2,1,1,3,1,5,1,1988.0,0,470,27,8,106,23,23,9,190,9,2010,755000
137972,6,8,1883,1997,108.0,1352.0,61,34,278,2705,190,1,2248,2,2,1,2,0,2,4,3,2005.0,4,535,70,101,43,22,38,18,195,7,2010,742935
94479,1,9,1936,1992,154.0,457.0,50,1157,1520,3015,241,5,1391,0,2,1,1,4,2,4,1,1997.0,0,601,73,75,86,20,95,24,69,7,2009,637507
173136,6,6,1978,2002,157.0,147.0,182,626,1377,3140,280,30,3327,3,2,2,1,4,2,9,3,1914.0,0,455,9,75,123,12,125,34,77,7,2006,755000
206915,10,5,1913,1987,176.0,1117.0,49,261,857,4103,570,12,375,2,1,3,0,6,1,8,0,1967.0,4,516,37,75,74,38,25,38,323,4,2008,731844
47014,8,6,1986,1990,79.0,899.0,218,300,1387,2589,234,70,5230,2,1,2,0,6,3,14,0,1950.0,4,504,243,19,68,17,70,7,383,12,2010,755000
189207,2,2,2010,1994,35.0,171.0,5,248,1069,1234,13,16,2504,3,1,0,0,1,2,8,3,,3,393,64,126,43,31,23,2,896,7,2007,651902
104246,2,4,1974,1973,206.0,481.0,21,357,1230,2084,386,18,360,2,1,1,1,3,2,11,0,,2,568,33,70,88,2,91,2,389,11,2007,568764
110916,4,3,1966,1989,105.0,585.0,97,309,1340,3629,164,46,3867,2,0,1,0,0,3,3,1,1988.0,3,477,132,30,34,0,49,21,315,2,2007,755000
107283,3,7,1888,1995,171.0,453.0,327,547,1490,3493,524,17,2952,1,2,2,2,4,2,12,0,2004.0,3,522,118,153,72,6,58,32,149,12,2009,719108
206116,4,9,1956,2005,240.0,1113.0,39,1187,1043,1786,23,56,1504,0,1,0,0,4,3,10,3,1976.0,4,501,203,112,43,5,42,10,668,8,2006,676323
188863,7,5,1927,1982,103.0,535.0,126,715,1888,1577,108,33,4032,2,2,3,0,3,2,14,3,1941.0,3,988,215,53,96,35,41,57,1157,10,2008,755000
125423,1,6,2005,1966,124.0,854.0,79,448,892,2656,826,13,1044,0,1,1,2,6,3,7,2,1945.0,4,747,157,156,65,52,25,49,704,8,2007,593764
150961,6,2,1957,1973,10.0,472.0,47,986,1941,2004,1209,50,3533,1,2,1,0,5,0,4,3,1924.0,1,693,230,56,123,1,45,9,323,9,2007,755000
44784,3,3,1973,1986,175.0,412.0,8,560,436,2361,1028,21,2757,0,0,0,0,2,1,10,0,1966.0,0,617,11,14,51,7,12,3,29,5,2010,719694
84289,10,3,1925,2006,73.0,76.0,96,1139,507,2102,271,7,2352,1,1,1,1,1,2,10,3,1934.0,2,606,72,46,9,31,3,13,845,10,2006,755000
37512,7,9,1986,1951,156.0,6.0,278,231,536,3997,722,39,5094,0,0,3,1,3,3,7,0,1972.0,1,429,108,136,130,45,29,7,219,8,2010,755000
44825,10,7,2010,1981,206.0,,65,40,1478,2636,25,62,5212,0,0,2,0,8,0,14,0,1977.0,0,780,103,8,71,13,5,28,571,2,2009,755000
179574,2,8,1959,2006,206.0,1231.0,56,300,597,1503,503,32,3232,2,2,0,2,4,3,11,2,1921.0,0,582,552,109,74,7,23,56,384,10,2009,697843
165007,2,9,1920,2009,303.0,544.0,25,457,1745,2766,66,2,2381,0,1,1,0,0,2,7,0,1908.0,2,645,254,135,17,22,81,4,616,10,2008,692639
64508,4,6,1986,1973,167.0,357.0,148,6,736,720,802,48,5536,2,0,1,0,2,2,9,3,1923.0,3,426,249,38,61,10,19,12,322,8,2009,755000
35128,1,4,1934,1958,4.0,895.0,243,0,1199,2764,749,19,1892,2,2,3,0,8,2,9,3,1922.0,0,282,46,52,131,16,5,20,152,10,2008,634943
151083,3,1,1975,1953,29.0,180.0,106,913,1320,3682,1130,36,3928,0,2,2,1,6,2,7,3,1960.0,2,783,79,76,63,19,13,3,303,9,2010,755000
4720,9,8,1954,1966,112.0,,81,188,492,1739,208,11,2056,2,2,3,2,2,2,8,0,1936.0,4,532,204,95,68,2,37,8,605,6,2007,755000
98052,7,7,1974,1966,130.0,145.0,206,541,304,457,931,11,4386,0,0,2,2,0,0,5,3,1944.0,0,380,315,40,93,25,107,6,150,6,2007,755000
132673,7,2,1888,2002,364.0,559.0,3,466,1141,4331,502,1,1985,3,2,3,2,3,3,2,1,1914.0,0,585,38,46,116,39,71,20,909,4,2006,755000
177608,4,8,1877,1999,28.0,758.0,21,536,861,3786,330,9,5556,2,2,2,1,8,3,5,1,1956.0,3,473,19,141,45,43,38,6,633,8,2009,755000
116594,2,5,1899,1997,189.0,588.0,181,1053,1249,4230,434,55,2112,3,2,1,1,6,2,9,3,1999.0,3,887,60,29,71,1,7,4,687,7,2006,677526
198607,4,7,1909,1979,50.0,594.0,12,169,327,1958,979,2,1017,3,0,1,0,4,3,13,0,1913.0,4,410,128,134,34,24,43,11,234,12,2006,601512
186612,6,4,1990,1989,138.0,255.0,228,1053,821,1515,247,11,1613,2,2,1,1,5,0,14,3,1951.0,0,611,205,7,21,15,4,10,465,9,2007,737580
125319,3,5,1908,2007,351.0,528.0,61,204,909,1061,267,0,2628,1,0,0,0,0,2,9,1,1983.0,3,771,197,200,117,46,44,2,286,1,2009,723541
67026,1,8,1986,1960,237.0,,316,760,218,4218,526,13,2344,1,2,2,1,6,1,3,0,2002.0,2,663,158,12,37,8,31,67,405,10,2007,669337
142864,8,1,1939,1970,,669.0,158,1090,1497,4004,241,7,1549,3,0,0,0,4,0,8,3,1935.0,0,635,24,121,34,49,50,3,484,8,2006,747558
116968,5,1,1914,1970,214.0,199.0,292,1121,621,1475,405,36,2916,3,0,2,1,6,2,14,0,1926.0,2,373,64,17,4,15,119,34,18,8,2009,755000
7402,5,4,1929,1967,223.0,48.0,11,485,1749,2709,4,4,2227,0,1,1,2,4,3,2,3,1916.0,1,529,110,96,125,8,97,44,639,9,2007,755000
182708,4,3,1884,2004,134.0,415.0,271,453,653,4365,103,8,647,3,1,0,0,4,0,3,2,1989.0,4,615,236,44,69,28,19,41,489,7,2008,575550
119315,6,2,1923,1978,233.0,365.0,227,528,739,692,440,2,4328,2,1,0,1,2,2,9,0,1940.0,3,542,95,63,103,7,44,3,1097,9,2008,755000
27941,3,3,1929,1973,66.0,989.0,377,1184,379,4076,66,39,777,1,0,3,1,4,3,12,1,1903.0,1,870,84,88,69,8,28,2,1111,10,2010,636073
166956,9,1,1903,1959,112.0,718.0,121,194,1573,3178,868,41,2005,1,2,2,0,7,3,11,1,1902.0,3,458,442,60,3,1,42,62,192,8,2010,755000
165117,5,1,1976,1994,322.0,534.0,199,26,1227,2545,292,24,3250,1,2,3,1,7,2,14,1,1918.0,1,508,292,55,31,61,2,58,173,9,2009,755000
155465,3,6,1954,1966,303.0,249.0,249,531,1700,1306,615,32,3600,2,0,0,2,1,0,14,1,1940.0,3,1145,80,75,140,27,82,41,537,9,2010,755000
198477,1,5,1970,1967,209.0,119.0,126,949,896,694,651,6,5011,0,2,0,0,0,2,5,3,1939.0,4,707,287,134,8,16,7,28,553,1,2009,755000
105046,10,8,1975,1991,76.0,416.0,138,723,979,2966,1281,4,4977,2,0,1,0,1,2,4,3,1957.0,0,257,17,144,25,25,35,38,505,3,2006,755000
184257,6,2,1899,1997,108.0,294.0,79,513,158,3524,715,23,5561,2,2,3,0,6,2,3,0,1938.0,2,624,114,38,140,10,68,13,82,6,2008,755000
37931,2,4,2000,1969,122.0,275.0,114,408,687,1958,681,31,3429,1,0,3,0,2,2,12,2,1906.0,1,698,161,81,132,13,36,21,334,12,2009,746078
74291,3,8,1919,1986,136.0,126.0,199,302,1085,4262,447,26,4894,2,1,3,0,7,2,7,2,,2,299,253,133,136,10,32,4,472,11,2006,755000
5314,1,6,1911,1994,79.0,286.0,223,734,1193,2090,300,4,5475,3,1,2,2,3,3,5,0,1982.0,2,424,73,84,144,65,15,30,225,7,2008,755000
12393,9,1,1968,1967,60.0,113.0,48,782,1911,574,640,21,2198,2,2,0,0,7,2,4,1,1975.0,3,202,80,10,37,52,93,41,315,4,2007,755000
19370,8,4,1985,1966,187.0,948.0,89,223,74,1309,799,41,1049,1,2,3,2,1,0,4,2,1919.0,0,573,77,33,95,12,135,19,680,10,2006,725590
37077,2,1,2003,1958,122.0,597.0,56,314,1114,4652,368,37,1225,1,2,1,2,4,1,11,2,2001.0,3,94,111,86,58,4,15,1,50,2,2007,618937
58258,8,2,2008,1963,157.0,78.0,14,80,811,2647,816,7,4141,2,2,0,2,5,2,4,0,1975.0,2,302,87,54,14,17,48,32,470,12,2010,755000
83374,9,5,1982,1998,218.0,867.0,28,847,1037,1639,1453,64,834,3,1,1,0,0,0,13,1,,4,154,170,44,55,46,3,31,439,4,2009,713644
12029,1,8,1947,1978,45.0,787.0,79,353,1051,1121,328,38,3116,3,1,0,2,0,1,9,3,1993.0,0,582,283,4,113,11,53,3,634,6,2008,704713
177389,5,8,1902,1980,2.0,515.0,40,440,904,2762,339,0,2974,1,0,1,0,8,0,10,3,,0,415,121,22,81,20,4,26,105,4,2010,732511
198692,8,3,1990,1953,321.0,384.0,182,751,433,889,263,5,4836,3,2,3,2,4,3,10,2,1967.0,2,599,46,66,71,13,48,47,20,12,2006,755000
160123,2,4,1896,1967,51.0,280.0,240,630,340,2443,353,40,1687,3,1,3,0,3,3,6,3,1965.0,3,41,175,25,113,26,92,22,403,10,2010,614533
107164,4,6,1905,2008,6.0,,73,725,867,2983,789,62,1036,0,0,1,1,0,1,2,0,1946.0,4,304,193,47,194,20,117,25,109,2,2007,599460
132158,7,3,1938,1969,346.0,134.0,247,569,289,1893,334,0,2667,0,0,2,1,2,1,11,2,1993.0,1,697,65,42,6,23,54,6,359,9,2007,755000
210441,3,2,1989,2005,,1011.0,72,578,943,4569,375,56,2528,3,0,1,2,3,1,6,2,1922.0,3,212,33,87,5,17,16,5,607,1,2009,678920
106810,5,6,1944,2005,80.0,191.0,184,575,873,1697,200,30,2343,3,1,0,1,4,3,2,1,1905.0,0,755,21,48,12,32,51,15,418,10,2010,747918
56048,8,5,1897,1996,17.0,411.0,247,681,225,4293,495,20,717,0,0,1,2,4,3,10,3,,3,461,184,21,53,15,71,79,177,7,2008,680036
7101,10,5,1975,1992,256.0,,35,700,1966,923,98,14,2392,0,2,1,2,7,0,14,1,1952.0,1,290,68,26,115,30,20,11,312,9,2007,755000
151562,3,5,1881,1993,75.0,296.0,71,10,1038,2083,190,24,2657,0,0,0,2,2,3,11,2,1921.0,4,306,140,55,127,3,31,52,292,3,2006,666470
182061,4,5,1938,1958,102.0,1540.0,38,261,218,874,479,5,1219,1,0,3,1,6,1,14,3,2000.0,4,553,21,7,105,27,22,8,532,11,2010,620514
183365,9,3,1876,1962,150.0,109.0,104,418,1123,2756,1091,15,1925,1,1,0,2,5,2,9,1,1967.0,1,1048,101,106,153,28,60,32,260,6,2008,755000
30892,7,7,1898,1964,321.0,979.0,344,680,898,624,184,20,5393,0,0,1,1,5,2,8,3,2006.0,1,1179,75,18,28,13,21,1,113,9,2008,755000
11947,1,6,1984,1976,342.0,388.0,203,1138,341,2424,116,26,4732,0,1,0,1,8,1,3,2,1974.0,2,166,2,7,50,3,19,24,44,9,2008,752351
141088,4,4,1886,1964,,671.0,65,174,1154,4269,1066,42,2585,0,1,1,0,6,3,3,2,2004.0,0,668,97,9,72,22,51,44,138,4,2008,722293
111927,4,2,1976,1977,190.0,897.0,36,851,528,4292,318,30,4774,1,2,3,1,6,1,5,2,1934.0,2,916,21,61,13,7,56,69,417,12,2007,755000
71616,9,9,1915,1986,336.0,508.0,18,272,1096,4193,677,5,2117,1,0,1,0,0,3,10,0,1974.0,3,188,30,37,65,17,84,29,30,8,2009,754550
3668,6,1,1897,2004,367.0,259.0,37,1048,649,1589,8,20,5255,3,2,1,2,0,2,10,1,1997.0,1,343,203,38,31,26,55,31,86,8,2010,755000
78875,9,4,1966,1968,175.0,325.0,31,1264,547,341,303,6,4451,2,2,3,2,8,0,9,1,1908.0,2,572,45,37,17,10,82,0,352,11,2007,755000
7955,6,1,1955,1975,316.0,339.0,236,199,992,1991,860,17,2917,3,0,0,0,8,3,12,2,1930.0,0,510,35,11,193,2,14,16,790,7,2009,755000
71331,6,6,2003,2001,12.0,1145.0,251,369,188,1590,352,19,2063,2,0,2,2,2,0,6,1,2005.0,0,153,43,59,99,3,75,55,245,6,2008,714316
208801,5,4,1958,1975,11.0,193.0,63,440,958,4284,357,36,5549,2,1,2,0,7,2,8,2,1995.0,1,686,11,14,15,15,65,7,102,3,2006,755000
89222,5,5,1983,1974,67.0,308.0,28,175,1328,1373,295,38,596,2,0,1,0,8,0,13,1,1942.0,2,608,89,63,43,5,160,7,654,12,2008,652184
188138,2,5,2000,1975,527.0,281.0,23,151,1635,2450,614,28,2965,3,1,1,2,0,0,10,3,1998.0,4,735,184,9,46,33,68,8,225,4,2009,750901
125346,8,9,1960,1975,363.0,42.0,63,749,1544,1018,14,1,4160,1,2,3,0,2,1,4,1,1974.0,1,633,140,3,16,0,65,19,149,12,2009,755000
145775,8,1,1937,1995,126.0,680.0,327,674,1676,4352,747,28,2764,1,2,0,0,5,0,5,2,1916.0,3,631,210,61,24,45,79,42,42,9,2006,755000
33397,1,2,2002,1977,150.0,704.0,34,820,772,2131,380,29,725,1,1,2,0,3,2,3,1,1950.0,2,507,32,97,72,7,18,32,548,10,2007,585454
211029,8,6,1993,1998,226.0,,75,743,487,2158,416,14,3270,1,0,2,2,7,3,10,3,1999.0,2,802,75,230,52,31,24,47,846,7,2006,755000
143338,5,5,1955,1967,578.0,388.0,9,694,1407,3868,609,15,4006,3,0,3,2,8,0,8,3,1965.0,1,168,195,22,146,19,17,60,539,11,2008,755000
126162,2,7,1987,1981,176.0,46.0,163,544,741,396,450,20,873,0,1,3,2,6,3,7,3,1923.0,2,225,423,95,10,38,61,45,56,8,2010,582139
120134,2,3,1987,2002,109.0,9.0,57,447,1003,594,987,24,1449,2,2,2,2,0,1,6,2,2009.0,2,774,171,16,81,75,135,18,709,6,2007,630149
95148,6,3,1909,1952,32.0,631.0,44,907,1373,3905,924,22,5612,1,1,0,2,1,2,13,0,1914.0,3,429,16,94,156,7,12,50,90,12,2010,755000
54221,9,2,1981,1951,146.0,819.0,120,504,2010,3526,186,20,1217,1,0,0,1,0,2,8,2,1927.0,3,273,117,129,100,17,121,3,401,1,2010,755000
182098,1,3,1917,1982,17.0,209.0,46,710,1264,1822,231,40,4657,3,0,0,1,8,3,4,3,1902.0,4,711,153,53,38,22,30,4,444,11,2007,755000
127441,6,1,1896,1991,199.0,1054.0,214,432,1102,1464,634,29,2753,2,1,1,0,3,2,6,1,1928.0,3,668,120,91,103,33,5,1,760,12,2008,755000
182672,9,5,1892,1968,186.0,786.0,110,29,439,4609,77,7,1733,1,0,0,1,7,1,3,3,1951.0,4,2,72,73,4,20,78,13,39,9,2009,701073
23977,8,5,1992,1966,47.0,1036.0,78,892,1584,688,327,6,1910,0,2,1,2,4,3,6,0,1953.0,3,670,150,45,24,8,58,9,864,11,2008,755000
56909,6,7,1993,1993,246.0,279.0,15,232,1204,3108,4,14,2418,1,1,1,2,4,2,8,0,,4,342,169,17,145,20,6,21,685,3,2009,755000
189033,3,4,2004,1982,173.0,1008.0,56,58,826,922,253,33,5120,2,2,3,2,4,1,12,3,1944.0,3,622,146,22,22,44,16,22,6,3,2009,755000
32324,8,3,1941,1961,7.0,1271.0,173,756,774,938,1325,24,5490,0,2,1,0,4,1,11,2,1976.0,3,480,187,40,46,36,7,38,386,9,2007,755000
71613,9,1,1984,1998,53.0,234.0,134,500,796,2562,145,29,1869,3,1,1,0,2,0,12,0,,1,653,34,112,10,12,8,8,396,4,2007,755000
129113,1,8,1978,2005,307.0,338.0,151,337,1021,507,411,22,5087,0,1,3,0,5,2,8,3,1921.0,3,497,252,166,4,5,0,15,24,8,2006,755000
185378,9,3,1983,1952,142.0,20.0,5,1103,270,687,758,31,423,2,0,0,0,0,3,10,2,1951.0,4,188,363,46,3,25,24,30,901,12,2010,663078
96585,6,2,1979,1992,140.0,57.0,217,1034,1609,3624,672,23,5592,2,0,0,0,7,0,4,1,1952.0,1,97,6,112,80,2,37,14,698,11,2010,755000
147710,6,4,1918,1998,85.0,53.0,52,424,1517,767,411,8,4524,0,1,2,0,3,3,9,2,1930.0,4,163,98,42,59,25,81,4,737,12,2010,755000
200399,4,3,1962,2004,97.0,75.0,247,788,916,3286,340,36,1988,1,1,2,1,5,0,6,0,1970.0,3,221,78,3,126,39,17,14,262,4,2010,691896
114932,1,1,1889,1975,171.0,509.0,182,395,797,592,517,38,2235,2,0,1,2,1,1,8,2,1947.0,3,609,221,54,86,5,135,52,103,2,2006,661641
212507,10,3,1975,1984,290.0,92.0,38,937,988,1201,99,37,3013,0,0,2,1,1,0,2,2,1989.0,4,740,189,7,71,5,19,19,207,5,2009,755000
151880,8,2,1911,1957,84.0,497.0,218,65,1073,2940,801,17,2504,2,0,3,0,7,0,2,1,1930.0,2,422,111,60,63,22,63,32,667,11,2006,755000
4351,2,8,2009,2001,144.0,505.0,78,80,849,3979,337,29,699,1,1,2,2,0,0,5,3,2001.0,1,275,256,25,50,0,30,1,812,3,2007,607479
181119,1,6,1960,1985,15.0,211.0,197,214,1499,929,667,6,4294,1,1,2,2,7,2,6,2,2001.0,1,507,13,22,68,3,8,14,851,4,2008,755000
115992,2,9,1932,2002,86.0,374.0,199,245,287,727,650,18,2706,0,0,1,2,0,0,14,1,1903.0,3,6,255,121,82,29,3,31,23,12,2009,609364
88535,1,8,1876,2003,220.0,188.0,137,932,644,2444,513,34,5425,3,2,3,1,8,1,11,0,1934.0,1,654,171,68,4,29,58,12,39,3,2009,755000
186393,1,3,1993,1956,300.0,275.0,159,752,1387,4198,425,46,852,3,2,2,2,0,3,4,3,1996.0,4,482,93,8,141,78,31,2,463,1,2006,624132
198784,9,5,1926,1995,92.0,76.0,280,193,1162,4473,395,9,5325,1,0,0,0,3,2,7,0,1966.0,3,518,3,83,67,35,36,34,259,4,2007,755000
190707,1,7,1908,1995,113.0,433.0,112,841,660,2534,274,1,4044,3,1,3,0,8,1,4,3,1963.0,1,365,188,53,14,33,92,38,292,9,2007,743230
188551,4,5,1927,1985,575.0,159.0,24,262,1200,4331,493,79,1163,1,1,3,1,0,2,6,2,1982.0,0,344,160,12,8,11,48,43,1135,7,2009,637060
164465,10,8,1973,1965,210.0,66.0,77,629,603,4187,382,1,2967,3,2,1,1,8,3,12,2,1908.0,1,87,44,1,68,23,35,23,43,6,2006,755000
202050,6,5,1964,1973,292.0,637.0,2,307,844,4088,105,27,604,1,0,3,0,7,3,14,3,1945.0,4,716,113,63,149,18,36,32,276,10,2010,695450
213110,7,1,1944,2010,191.0,650.0,232,452,1521,3763,543,20,3320,2,2,3,1,4,3,2,0,1982.0,1,184,37,84,100,19,44,21,114,9,2009,755000
172106,2,5,1930,2003,9.0,844.0,1,136,1466,547,412,34,3872,0,2,3,2,5,2,4,0,1955.0,2,319,180,121,83,25,22,16,25,4,2010,755000
204987,6,4,1873,1950,161.0,9.0,207,196,1144,2460,783,24,4898,0,0,3,1,4,2,8,0,1955.0,2,263,141,235,12,20,55,16,150,6,2008,755000
74823,7,6,1975,1998,40.0,207.0,147,717,474,472,424,66,5148,3,2,3,2,3,3,4,2,,3,708,78,7,9,14,38,11,556,3,2007,755000
95776,10,3,1922,1974,95.0,492.0,307,781,811,4527,314,22,1341,0,1,3,2,3,3,6,3,1925.0,2,353,41,1,40,5,7,29,90,3,2009,755000
18319,10,5,1901,1959,83.0,199.0,80,334,1048,4294,10,4,2651,3,2,3,2,7,1,8,3,1959.0,4,740,140,45,134,15,17,7,914,10,2008,755000
84913,2,2,1882,2003,216.0,628.0,42,110,1727,997,92,11,938,1,0,0,2,7,3,14,0,1976.0,0,645,166,50,125,11,32,7,1104,10,2010,606468
87972,2,6,1979,1965,122.0,599.0,214,1488,108,3166,523,14,4807,2,1,3,2,8,0,3,2,1985.0,0,263,115,157,65,13,7,41,715,8,2009,755000
75147,10,6,1947,1965,414.0,591.0,90,514,563,1407,274,17,510,0,1,1,0,2,2,4,3,1971.0,3,474,47,78,106,45,31,23,874,5,2008,718406
84050,7,5,1961,2007,211.0,983.0,16,624,1564,4356,353,11,2655,2,2,0,0,7,1,5,3,1987.0,3,75,0,16,3,48,3,17,104,8,2009,755000
212006,1,6,1994,1957,78.0,657.0,202,4,1680,495,312,37,2048,0,1,3,0,2,2,6,0,1989.0,2,599,255,20,18,38,12,3,209,9,2008,659581
29551,8,7,1996,1978,91.0,461.0,138,986,965,1834,119,21,970,1,0,2,2,1,3,13,0,1947.0,4,336,393,89,82,2,43,40,116,2,2008,726500
104781,3,5,1993,1988,509.0,322.0,338,1047,1769,3512,363,25,2957,0,2,1,1,1,0,10,3,1957.0,2,235,181,31,48,26,101,46,703,7,2010,747126
113866,6,1,1965,1977,15.0,350.0,153,183,633,519,4,36,4489,0,1,0,1,8,3,10,2,2004.0,4,431,141,137,78,17,82,3,16,12,2007,755000
27245,9,8,1974,1955,185.0,25.0,155,459,245,2314,1178,68,3112,1,0,1,2,3,2,5,1,2004.0,4,383,83,78,138,33,164,16,419,2,2006,755000
92152,6,4,1902,1965,126.0,306.0,229,427,1395,4322,780,30,4086,3,2,0,1,4,1,10,3,1962.0,0,570,119,22,44,44,43,12,620,7,2008,755000
33517,9,9,1923,1969,48.0,585.0,55,1455,1647,1163,326,43,994,3,0,2,2,1,2,5,3,1957.0,4,974,162,31,34,1,78,31,225,11,2007,755000
9608,7,6,1960,1965,73.0,,146,1077,1639,3853,127,2,4699,1,1,1,1,8,1,3,2,1902.0,1,830,287,67,57,11,20,17,425,3,2006,755000
7249,9,1,1947,1956,122.0,267.0,143,80,568,3845,501,12,3521,3,2,1,2,6,0,11,3,1906.0,4,201,174,22,39,17,28,62,545,8,2010,755000
184362,2,3,2000,1990,120.0,1034.0,299,208,1099,3662,606,12,4674,0,2,0,1,2,3,2,1,1951.0,0,883,81,119,18,8,104,29,129,4,2009,755000
133522,8,3,1893,1963,403.0,329.0,30,142,1419,3682,401,3,5089,2,1,0,1,5,3,8,2,1961.0,2,511,83,67,40,4,65,17,550,9,2007,755000
101535,8,4,1911,1992,237.0,381.0,61,648,1150,2819,106,47,418,1,0,2,0,6,0,5,1,1901.0,4,135,117,65,118,16,65,88,148,12,2009,700724
76040,2,6,1972,1975,143.0,767.0,353,1128,1723,1559,216,38,4004,0,1,3,1,5,2,13,1,1932.0,1,443,135,34,14,18,35,26,131,4,2009,755000
117652,4,7,1982,1975,89.0,208.0,31,543,797,3178,331,6,1240,1,2,0,1,5,0,9,3,1911.0,3,110,42,13,33,10,26,50,76,2,2006,656320
67917,7,4,2000,1963,114.0,803.0,158,700,964,3067,416,44,3855,2,2,0,2,7,3,9,1,1947.0,2,390,152,41,70,29,103,28,748,4,2007,755000
18196,4,6,1936,1956,,111.0,179,234,1118,4330,425,3,2209,0,1,0,1,7,1,13,3,1975.0,3,977,16,76,3,37,44,6,139,5,2008,702611
132098,4,1,1950,1982,59.0,564.0,237,698,1416,3004,592,29,4292,0,0,2,1,4,3,9,3,1952.0,1,172,83,85,111,27,49,54,959,8,2006,755000
178547,6,8,1893,1975,149.0,79.0,93,311,902,1832,836,5,2470,2,1,3,1,3,2,7,2,1973.0,0,165,439,100,28,9,127,17,187,3,2007,755000
140177,10,7,1970,2006,295.0,480.0,125,156,1463,2022,705,27,2930,2,0,3,1,4,1,10,2,1940.0,0,475,178,10,80,30,12,9,103,9,2008,755000
6537,6,9,1879,1994,202.0,706.0,60,672,1802,2781,536,42,1187,3,0,2,1,8,2,5,2,1990.0,2,295,25,127,0,32,29,23,590,9,2009,702412
21356,10,3,1888,1969,379.0,613.0,156,496,740,1201,203,25,840,0,2,3,0,5,3,6,3,1981.0,4,436,51,124,56,18,57,20,152,11,2010,727586
177915,3,2,1888,1952,293.0,427.0,90,61,917,4646,774,24,741,2,0,1,1,2,3,5,1,1957.0,4,527,10,79,50,38,108,45,418,10,2010,593734
188928,9,1,1961,2001,310.0,,161,1158,1483,3342,627,37,857,2,2,2,2,2,1,6,1,1967.0,3,129,157,41,74,16,37,27,306,3,2006,726607
115848,10,3,1952,1953,570.0,692.0,74,193,1963,3858,197,16,3384,0,0,0,2,0,2,3,2,2003.0,0,557,171,109,53,30,22,2,16,8,2008,755000
112788,2,5,1949,2010,164.0,812.0,82,743,1317,2346,311,21,2731,3,0,3,1,4,1,6,2,1922.0,4,309,96,51,133,0,15,43,32,6,2008,694171
135715,6,2,1877,1975,4.0,17.0,145,354,606,573,326,48,3233,1,2,1,1,5,1,11,3,1984.0,4,768,110,49,73,47,92,42,82,11,2010,755000
145872,7,3,1981,1960,203.0,41.0,44,1117,1099,381,124,0,661,3,0,2,1,7,2,9,0,1935.0,0,281,179,9,70,33,40,1,156,6,2008,654015
185594,9,4,1885,1951,95.0,829.0,40,404,1480,4383,399,23,2169,2,1,2,0,8,1,10,0,1993.0,0,322,160,1,110,2,52,24,22,2,2007,755000
30675,3,7,1943,1963,209.0,316.0,167,169,593,3791,146,26,1643,1,0,0,2,6,0,8,3,1984.0,1,267,118,74,34,4,18,57,1108,8,2007,607449
142034,10,3,1925,1993,58.0,51.0,149,824,460,3613,62,7,5052,1,2,0,0,0,1,8,0,1986.0,3,396,13,7,10,4,22,32,346,7,2010,755000
18264,3,9,1898,1979,504.0,509.0,60,1115,827,3562,487,72,2869,3,2,2,0,6,3,7,0,,0,139,332,54,127,28,0,14,552,2,2009,688334
114729,7,8,1884,1998,112.0,144.0,117,328,1329,1582,145,29,2375,1,1,1,1,8,2,3,0,1971.0,1,630,78,189,46,16,42,9,667,4,2009,755000
192010,4,4,1931,1961,229.0,464.0,120,771,315,1501,756,2,2868,2,0,0,1,3,3,11,2,2002.0,0,368,123,5,3,27,28,31,513,5,2009,670485
206038,8,1,1877,1975,57.0,234.0,4,551,653,3824,494,12,2526,0,1,2,2,6,0,13,1,1954.0,2,702,83,9,112,30,57,50,68,9,2010,755000
68515,7,1,1929,1993,263.0,268.0,31,346,1136,2231,88,4,1089,0,0,2,1,8,0,12,1,,2,514,157,122,3,61,42,62,218,10,2006,727215
70342,5,1,1920,1982,97.0,844.0,280,836,1545,3870,24,11,479,0,1,0,2,0,1,11,2,1912.0,2,928,61,5,26,15,27,28,125,2,2008,638897
145656,7,1,1897,1962,182.0,587.0,323,179,1145,2513,791,6,5450,3,2,3,0,8,3,14,2,2003.0,0,435,48,37,55,6,5,6,106,12,2007,755000
205161,3,8,1918,1963,52.0,621.0,61,512,1187,2304,781,19,4156,0,2,1,2,3,1,10,2,1921.0,4,410,237,14,39,10,117,46,352,12,2007,755000
94768,2,3,1876,1973,,778.0,19,602,1502,3054,327,20,3908,0,1,3,2,7,1,6,0,1906.0,4,647,21,16,14,2,110,23,1008,7,2006,755000
193761,6,6,1891,1983,271.0,151.0,133,588,1798,2715,769,5,1961,0,0,3,2,2,3,7,3,1923.0,2,19,120,24,59,13,21,8,9,5,2008,737548
10735,2,3,2005,1993,24.0,775.0,220,189,1742,2277,6,9,5257,1,0,1,0,1,0,2,3,1960.0,3,380,158,9,151,7,16,30,170,2,2009,755000
186712,3,5,1930,1975,273.0,16.0,328,1323,20,3480,390,15,2192,1,2,1,0,7,0,6,0,1904.0,1,478,29,15,105,13,63,0,319,10,2007,637316
176450,6,7,2003,1970,66.0,136.0,36,1004,1049,3817,289,10,5056,1,0,0,1,7,0,7,0,1949.0,2,681,50,108,165,54,66,6,479,12,2009,755000
80132,5,2,1888,1977,181.0,89.0,46,896,1456,4030,154,19,3932,2,1,0,1,2,2,11,2,1961.0,1,732,11,179,77,27,76,7,556,3,2009,755000
52593,8,6,1885,1997,269.0,780.0,104,1073,1849,3159,311,28,963,2,1,0,2,7,2,12,2,1954.0,1,779,21,117,82,16,19,51,608,5,2010,749891
80081,9,6,1884,1985,257.0,297.0,29,527,1320,2161,374,48,3500,2,0,1,2,5,1,3,1,1925.0,2,426,73,30,3,2,53,37,465,10,2010,755000
192775,3,3,2006,1989,112.0,1056.0,127,351,570,556,537,14,3852,0,2,3,0,8,2,8,2,1909.0,4,315,219,46,119,24,16,7,558,1,2008,755000
161496,10,6,1999,1951,459.0,278.0,35,64,636,2080,604,11,4686,1,2,1,0,5,2,5,0,1910.0,3,514,177,90,43,4,4,5,112,7,2007,755000
45219,3,5,1915,1991,99.0,645.0,161,218,650,863,704,1,4248,2,2,0,0,7,3,6,1,1939.0,2,433,72,21,135,37,59,25,594,1,2010,755000
167619,3,2,1990,1958,99.0,611.0,13,94,1153,467,1233,29,1238,3,2,3,2,1,1,4,2,2001.0,1,81,115,20,31,6,7,3,1219,6,2008,644048
122472,6,9,1890,1972,178.0,460.0,112,288,760,4137,466,26,2951,1,2,0,2,0,1,6,1,1910.0,0,540,41,150,1,8,2,2,852,12,2006,755000
96058,1,8,1934,1964,18.0,159.0,230,610,522,435,274,56,3123,0,1,3,0,1,3,13,1,1993.0,0,271,72,155,30,15,55,18,587,6,2009,683952
195124,7,3,1952,1962,55.0,896.0,52,865,410,4057,340,35,441,1,0,0,2,3,0,5,2,1903.0,1,443,95,56,49,4,79,19,404,1,2007,628308
57873,1,8,1971,1972,25.0,194.0,10,854,777,3062,456,39,1376,0,1,1,0,8,3,13,3,1901.0,2,427,131,124,72,10,3,17,423,12,2007,610119
60401,5,9,1993,1966,110.0,107.0,141,31,318,2879,523,82,1722,2,2,2,1,6,0,11,0,1976.0,4,1035,208,122,73,7,26,17,1014,7,2008,722488
27946,10,3,1915,1997,294.0,751.0,148,775,393,2892,242,43,2010,0,2,2,0,8,1,7,0,1938.0,2,724,93,87,75,22,10,10,427,8,2010,755000
105485,8,3,1975,2009,273.0,458.0,326,957,2025,3375,203,35,4589,0,0,3,2,8,1,3,1,1980.0,3,660,31,27,72,47,31,6,352,3,2009,755000
24349,4,2,1932,1951,53.0,943.0,198,398,995,2334,304,3,4529,3,0,1,2,8,2,4,3,1922.0,0,742,56,8,64,64,28,3,667,12,2009,755000
211977,5,8,1996,1969,93.0,374.0,208,979,806,1282,511,30,598,1,0,0,2,7,2,13,3,1944.0,1,413,7,47,41,2,67,52,122,10,2007,637576
99416,4,1,1942,1969,258.0,139.0,156,850,1333,1902,642,20,4155,0,1,3,2,5,3,11,2,1973.0,4,189,88,38,106,29,1,9,84,1,2007,755000
98679,4,8,1978,2008,307.0,509.0,146,5,1573,2387,85,17,3131,3,0,3,0,6,2,2,2,1976.0,2,40,161,13,48,5,106,58,144,2,2009,744790
69685,8,7,1921,1995,32.0,220.0,219,1376,2120,3339,380,44,3454,3,1,0,0,1,1,8,0,1941.0,3,635,93,83,148,13,77,32,1132,1,2006,755000
127431,2,7,1936,1952,241.0,151.0,30,213,1852,527,529,8,1010,3,2,0,1,0,1,10,2,2002.0,2,638,293,4,63,62,42,14,424,9,2008,622097
172530,1,3,1970,2004,166.0,732.0,126,882,1217,1075,227,32,5228,2,1,0,0,4,0,3,2,1941.0,3,310,20,145,104,5,25,6,217,4,2006,755000
197789,3,1,1903,1961,113.0,1132.0,129,868,233,4240,131,1,3820,2,0,1,1,7,2,8,1,1928.0,2,340,17,61,74,6,1,15,329,7,2010,738721
24589,9,4,1929,1989,260.0,301.0,240,10,498,3293,585,6,5512,0,1,2,0,2,0,4,3,1915.0,4,299,186,95,24,19,5,11,247,5,2006,755000
111526,4,9,1999,1951,130.0,,104,571,799,2597,228,42,3040,1,1,3,0,6,1,6,3,1966.0,4,300,279,31,44,21,23,34,496,9,2006,715314
102093,10,5,1983,1985,248.0,338.0,141,863,1253,3754,178,29,4303,2,1,3,2,4,2,7,2,1999.0,1,373,75,86,188,22,23,57,279,9,2010,755000
11123,5,1,1939,1963,41.0,,109,6,1047,3257,849,43,941,2,0,2,1,7,0,9,2,1959.0,4,584,23,28,8,14,17,18,5,6,2008,664017
192532,2,5,1911,1965,107.0,502.0,18,539,263,3588,134,0,3759,0,1,3,2,5,1,5,2,1903.0,3,765,372,72,40,8,1,28,30,5,2009,751507
43275,4,8,2003,1968,21.0,877.0,40,897,174,3573,262,14,2728,0,0,1,2,5,0,3,0,1999.0,1,494,123,78,14,38,22,31,423,10,2006,718956
10840,2,8,1961,1983,345.0,666.0,179,922,1129,4199,428,59,3193,2,1,0,0,6,2,4,0,1915.0,4,816,142,128,100,5,10,9,509,1,2008,726032
17664,2,5,1899,1993,352.0,41.0,161,341,1060,371,482,1,5230,0,1,2,0,6,0,9,1,1940.0,0,1092,53,85,60,16,4,20,738,4,2010,755000
136983,4,9,1967,2010,23.0,202.0,68,1117,895,2032,367,0,1494,3,1,1,1,3,0,8,0,1905.0,3,599,6,1,105,10,56,15,394,5,2008,666097
28963,6,1,1902,1995,,152.0,272,1022,1241,4360,876,41,5483,0,0,0,1,7,1,7,3,1941.0,1,484,118,70,137,26,67,14,924,9,2006,755000
53291,7,4,1874,1955,73.0,857.0,116,596,1623,3547,18,5,2181,3,0,2,0,5,2,6,0,1956.0,3,81,338,9,30,44,95,16,292,2,2009,755000
190051,10,3,2007,1962,59.0,396.0,9,236,1155,2117,418,14,4391,2,0,1,1,7,3,12,3,1927.0,1,651,193,38,39,11,3,14,199,2,2010,755000
105482,3,2,1895,1985,18.0,113.0,258,33,529,2300,256,34,1825,1,2,2,0,6,3,6,0,1999.0,3,515,138,83,12,8,16,24,61,3,2010,612993
163349,3,8,1886,1971,,195.0,223,651,1957,436,504,5,2355,3,0,2,0,0,0,2,0,1922.0,0,521,271,191,127,0,11,5,544,3,2006,722627
96004,10,7,1916,1967,450.0,625.0,90,1085,911,375,708,28,4932,1,1,1,0,3,1,7,1,1975.0,4,444,156,132,6,29,17,23,596,12,2008,755000
50415,6,9,1879,1961,100.0,191.0,137,441,1024,3328,502,1,3349,2,2,3,1,6,2,14,2,1941.0,2,391,28,13,7,0,14,45,192,7,2009,755000
92307,3,2,1942,2001,64.0,253.0,140,156,673,3552,8,34,4900,0,0,1,2,8,1,10,2,1994.0,2,250,260,91,31,24,39,25,502,1,2010,755000
193262,2,4,1979,2008,165.0,261.0,129,829,462,3324,84,17,3071,3,0,2,1,1,2,9,2,1911.0,2,701,46,124,41,7,21,12,2,2,2006,716972
198759,8,6,1986,2003,83.0,469.0,109,569,503,4622,952,1,2382,3,2,2,2,4,1,13,1,1995.0,1,177,53,38,20,9,5,3,260,11,2006,755000
150443,5,3,1974,1979,13.0,88.0,144,706,393,3703,228,7,4539,2,2,1,1,8,3,11,3,1988.0,4,610,55,40,14,10,53,28,832,1,2007,755000
191647,1,8,1996,2002,101.0,21.0,275,289,504,1395,261,68,4288,2,0,0,2,8,3,2,0,1963.0,1,121,231,30,136,1,115,21,74,9,2007,733846
204741,3,3,1928,2000,267.0,1072.0,32,352,921,2883,503,40,1227,0,2,0,2,5,3,12,1,1957.0,1,819,27,76,70,42,27,35,249,10,2008,643975
13238,10,2,1901,1989,170.0,560.0,85,288,1551,2010,794,32,1421,1,1,0,1,6,1,14,3,1950.0,1,416,252,71,66,29,35,24,551,9,2006,755000
167567,8,3,1985,1956,123.0,704.0,167,699,507,4023,60,27,5185,3,1,0,1,8,1,7,1,1928.0,1,639,229,54,100,1,3,18,119,3,2008,755000
92980,4,6,1988,1981,230.0,423.0,232,364,2279,4331,101,8,4482,1,1,1,2,7,0,4,1,1918.0,4,547,20,157,122,7,35,37,499,12,2008,755000
5300,7,2,1931,1997,244.0,343.0,148,736,1693,659,341,48,2643,3,0,3,0,5,3,7,3,1985.0,2,798,8,110,95,15,28,6,404,3,2009,755000
202960,10,8,1969,1968,76.0,582.0,121,251,990,1454,181,19,3934,3,1,0,2,5,0,10,2,1987.0,3,961,16,60,46,23,9,4,97,1,2007,755000
102342,2,1,1997,1955,,691.0,301,699,444,441,527,15,3267,0,2,2,2,6,1,7,0,1996.0,1,789,115,71,139,43,109,20,26,5,2008,723364
94910,7,7,1965,1969,101.0,738.0,45,781,201,3012,154,9,2615,3,1,0,0,6,2,9,2,1999.0,4,654,158,72,10,25,72,9,124,3,2009,755000
104991,5,2,2005,1976,15.0,349.0,286,632,943,668,1003,15,406,3,2,3,2,1,3,7,1,1944.0,0,429,10,38,69,1,38,2,550,2,2009,669771
39604,5,6,1993,2002,10.0,782.0,168,866,1034,2373,346,15,1714,2,1,1,0,8,3,7,3,2003.0,3,621,300,68,289,17,47,21,84,3,2007,716033
70749,6,2,1979,1992,291.0,586.0,81,307,897,1137,259,23,5380,0,2,3,0,3,3,8,1,1953.0,1,757,106,78,103,27,43,1,397,8,2007,755000
84286,9,2,1875,1986,127.0,756.0,100,777,1534,2182,159,42,817,2,1,3,1,8,3,12,2,2009.0,1,403,135,28,2,10,22,25,38,8,2006,755000
153136,6,8,1964,1997,95.0,229.0,56,593,1748,1100,243,7,1363,3,1,3,2,2,3,14,2,1979.0,3,517,146,61,8,21,93,13,218,1,2008,746974
110240,8,2,1877,1956,141.0,,337,176,1236,3861,263,40,4115,0,1,0,2,4,1,11,2,1965.0,3,309,254,64,62,24,134,31,329,2,2009,755000
39794,7,7,1903,2008,47.0,140.0,68,262,1263,2640,443,28,5306,3,2,0,0,4,3,12,0,1971.0,1,716,150,5,133,40,98,1,175,1,2006,755000
4673,9,3,1977,1954,81.0,130.0,127,177,842,3163,252,5,4113,0,2,3,2,6,3,5,2,1912.0,4,625,339,8,55,3,16,69,460,8,2008,755000
144533,4,8,1886,1960,85.0,535.0,33,383,997,1822,392,21,2165,1,1,1,0,3,0,14,0,1993.0,0,182,370,12,2,42,39,76,552,1,2008,660854
98832,2,7,1993,1964,305.0,200.0,177,670,1205,4463,31,42,5288,1,2,0,2,3,2,14,0,1964.0,4,584,172,77,13,22,1,11,238,6,2006,755000
93958,7,8,1967,1952,175.0,240.0,127,370,841,3900,197,42,2354,0,2,1,2,0,3,9,2,1911.0,2,451,27,54,28,25,23,47,852,10,2009,755000
124933,6,7,1877,2007,117.0,75.0,226,534,1330,2707,257,25,1112,3,0,0,0,5,0,5,3,,2,531,188,46,145,13,9,29,96,11,2006,669837
101686,1,6,1983,1954,283.0,329.0,72,427,471,1170,388,14,3809,0,1,1,0,3,1,8,1,1913.0,2,324,160,111,40,41,52,22,779,8,2008,730785
28650,9,7,1991,1972,82.0,718.0,65,732,633,3643,232,38,5057,3,2,0,2,4,0,2,1,1941.0,1,829,354,22,38,11,5,82,99,8,2006,755000
94308,9,5,1994,2002,244.0,204.0,46,744,476,3946,381,25,3611,1,2,3,2,8,3,13,0,1998.0,0,336,163,55,77,22,48,4,461,7,2006,755000
95597,2,7,1938,1986,42.0,525.0,149,517,665,3125,610,28,743,3,2,2,0,3,0,10,0,1991.0,0,1031,27,72,25,7,74,10,244,8,2008,624608
26651,3,1,1977,1958,134.0,695.0,118,541,856,4546,609,48,1393,2,2,2,1,0,0,11,0,,1,537,240,2,72,19,65,27,179,8,2007,656977
89968,5,1,2010,1964,188.0,157.0,65,557,1514,4317,642,25,2643,1,0,1,1,8,1,10,1,2003.0,1,426,71,38,10,11,3,26,721,10,2009,755000
115885,5,9,1914,1952,14.0,162.0,186,1056,1020,4102,702,18,5584,2,2,1,2,4,0,8,0,1947.0,1,612,258,39,113,45,120,3,758,3,2008,755000
147677,1,5,1967,1978,498.0,947.0,11,301,357,1838,498,24,1934,1,2,3,2,6,1,9,3,,0,577,50,76,122,20,44,5,282,2,2007,634659
76653,8,5,2003,1955,215.0,368.0,216,231,299,2784,442,24,5321,1,0,3,2,2,1,3,3,1964.0,1,994,93,55,73,50,71,13,869,12,2006,755000
209169,8,3,1952,1966,360.0,603.0,178,846,792,3378,1077,22,4877,2,1,1,0,3,0,11,0,1916.0,3,616,17,120,163,2,42,68,680,4,2007,755000
67253,4,5,1912,1975,314.0,600.0,111,943,1417,2367,613,1,2567,0,1,2,2,8,3,13,1,1937.0,3,36,77,102,34,37,37,10,345,5,2008,726919
58758,7,3,2004,1970,165.0,79.0,24,670,1701,2033,38,44,1986,3,0,3,2,0,2,11,2,1927.0,3,341,164,121,133,2,2,23,88,2,2008,755000
21658,10,9,1906,1957,377.0,95.0,27,426,204,2614,445,20,1631,1,1,1,2,4,0,8,1,1932.0,1,702,145,124,50,11,19,15,64,11,2006,755000
4567,3,9,1893,1970,137.0,550.0,27,1244,1186,1641,203,14,685,3,1,3,1,7,0,2,2,1923.0,3,456,171,2,148,38,102,64,18,8,2008,606842
84045,6,6,1983,2006,45.0,426.0,167,571,799,2861,549,23,3556,1,0,3,2,6,0,4,2,2010.0,1,374,212,76,111,11,92,68,753,8,2010,755000
90888,10,1,1882,1960,102.0,315.0,201,512,837,4172,683,16,2765,3,2,0,2,3,2,7,0,2008.0,3,332,3,88,1,25,6,53,659,12,2007,755000
39813,10,7,1874,1987,101.0,53.0,10,1032,467,1309,200,64,798,1,0,3,0,6,2,6,3,1969.0,1,270,145,4,7,9,98,25,516,4,2010,711171
158464,9,7,2008,1957,320.0,844.0,430,690,889,2390,591,36,2847,0,0,1,1,0,1,6,0,1984.0,4,563,196,125,127,11,109,13,246,12,2010,755000
12638,1,4,1931,1991,70.0,,63,875,445,2760,753,26,3500,1,0,3,0,5,2,10,2,2008.0,2,333,122,37,21,20,79,19,497,5,2007,704465
132784,5,8,1947,1973,114.0,876.0,2,922,867,4008,543,30,5587,0,0,1,2,8,2,7,0,1903.0,4,836,0,86,3,5,20,4,643,11,2008,755000
8843,4,6,1958,2010,312.0,384.0,271,351,1574,2762,466,56,2543,1,0,0,2,2,0,4,2,1932.0,2,292,115,116,80,39,10,21,1614,12,2007,742657
107191,8,4,1885,1984,,354.0,255,1207,1315,4067,246,26,889,3,2,0,2,3,1,3,0,1909.0,2,174,237,72,58,7,41,42,163,5,2006,689481
165868,1,4,1889,2004,302.0,278.0,122,484,1956,693,115,5,633,2,1,2,2,7,3,10,3,1935.0,3,495,118,162,75,8,92,19,537,5,2010,566494
61992,9,2,1984,1963,142.0,,39,291,1263,2557,614,17,4200,1,0,0,2,4,1,11,3,1976.0,2,8,105,202,191,7,18,16,23,9,2010,755000
45725,6,2,1944,2004,83.0,1473.0,267,227,1087,818,533,3,689,1,2,0,0,4,2,5,1,1999.0,2,101,64,46,29,32,15,23,886,9,2008,617337
40056,4,4,1894,1963,389.0,722.0,140,330,1276,1762,169,41,897,0,0,1,2,0,2,12,2,1972.0,4,656,1,107,80,26,32,14,338,11,2007,629190
20188,9,5,1954,1959,109.0,26.0,70,645,612,2414,1316,41,4343,3,2,2,2,5,0,6,2,1930.0,2,513,69,198,93,7,66,25,370,4,2009,755000
168107,5,8,1996,1961,65.0,,149,224,43,1029,303,9,5222,0,1,0,1,1,3,10,0,1903.0,1,21,171,4,148,25,26,33,1176,1,2008,755000
48595,5,6,1940,1987,147.0,238.0,108,495,1398,535,207,18,1356,3,2,3,1,0,3,6,1,1983.0,1,522,167,136,146,16,2,30,10,8,2008,711537
115652,5,4,1918,1993,141.0,,195,417,102,4191,8,40,1524,3,2,2,2,5,3,8,3,1907.0,3,427,198,107,95,9,47,9,378,11,2008,627215
84342,1,7,1987,2004,33.0,775.0,151,1301,1560,1532,453,4,3544,0,1,0,2,4,2,3,0,1926.0,4,119,84,19,101,18,98,13,525,1,2007,710311
87299,1,8,1901,1995,100.0,215.0,103,178,1375,1601,479,18,2238,2,1,2,2,4,2,3,1,,0,682,142,33,96,4,79,3,899,7,2008,668871
19255,8,2,1896,1983,346.0,69.0,55,173,575,3304,807,1,2370,3,2,0,2,8,1,5,3,1908.0,4,879,74,1,11,29,70,45,525,12,2006,755000
39141,8,7,1983,1990,234.0,1059.0,214,947,781,407,702,6,1360,2,0,1,2,2,2,9,0,1942.0,0,981,173,56,81,7,80,28,487,4,2006,755000
71940,6,2,1896,1959,452.0,,60,214,994,429,406,4,589,0,0,2,2,0,3,3,3,,2,581,51,155,9,21,50,12,238,1,2010,646961
197882,4,2,1945,2007,75.0,799.0,92,463,538,4602,175,8,2752,2,1,2,0,7,3,11,2,1936.0,0,505,31,139,32,53,19,70,768,4,2010,744958
167283,2,8,1929,1966,122.0,218.0,48,241,1270,3811,586,8,2897,3,0,0,0,4,3,8,1,1940.0,2,943,39,30,185,33,45,19,273,7,2007,713448
191403,2,2,1965,1966,158.0,361.0,101,794,1314,2536,431,46,3285,0,1,2,0,4,0,14,3,2003.0,4,563,38,35,52,9,16,3,410,8,2009,747586
139729,9,9,1990,1952,154.0,1114.0,123,49,278,591,680,14,603,2,2,0,1,7,1,14,1,1993.0,4,414,111,57,110,29,83,21,803,2,2010,675390
164851,5,1,1998,1980,169.0,575.0,104,619,588,3992,251,25,1261,0,2,3,2,7,1,2,0,1925.0,3,336,289,153,26,14,16,27,1,9,2010,685699
62776,4,9,1896,2000,12.0,262.0,84,1018,981,3140,227,49,397,0,0,2,1,1,2,10,1,,3,638,72,23,66,51,18,24,79,5,2010,596984
46111,10,1,1949,1950,50.0,126.0,51,598,1570,4590,731,30,4889,2,1,2,1,2,0,11,0,1900.0,2,90,155,34,68,33,18,0,63,11,2010,755000
168580,1,2,1970,1961,328.0,163.0,34,929,1326,519,553,29,5469,3,0,1,1,0,1,7,1,1919.0,2,789,53,126,17,17,22,2,352,12,2008,755000
152522,7,6,1987,1988,303.0,896.0,390,1004,165,476,230,13,1376,3,0,1,0,2,0,12,0,1991.0,1,152,52,23,159,6,88,71,259,8,2010,697479
72480,3,6,1919,1953,28.0,706.0,5,133,854,3687,447,47,5337,3,2,2,2,3,0,2,0,1944.0,1,288,268,9,163,24,18,21,507,2,2007,755000
175658,6,1,1881,1991,57.0,59.0,79,524,1236,973,373,13,4522,3,0,1,2,6,2,11,0,1987.0,1,577,210,55,186,42,0,34,283,2,2008,755000
114156,5,7,1970,1962,219.0,434.0,58,702,600,4083,486,8,5202,1,2,2,1,8,0,7,3,1991.0,4,936,63,70,12,4,26,9,826,4,2008,755000
69750,5,8,1882,1983,307.0,373.0,22,456,561,2408,807,35,1143,0,1,0,0,4,1,6,2,1991.0,0,432,201,69,16,29,56,20,789,4,2007,618270
153724,5,2,1956,1991,145.0,526.0,1,375,626,4302,160,22,2375,0,0,2,1,0,2,13,1,1968.0,2,237,195,28,41,16,3,10,1235,3,2009,727673
187441,1,8,2006,1970,324.0,158.0,331,414,846,535,42,1,3422,1,2,2,1,1,1,6,2,1995.0,3,766,267,86,53,43,8,18,145,5,2010,737173
113188,1,9,1997,1971,256.0,839.0,119,933,510,3426,409,63,1980,0,0,3,2,1,0,6,2,1951.0,2,389,43,0,141,7,23,46,43,2,2006,624385
111748,3,6,1935,2006,,399.0,55,396,1329,3499,85,30,5269,0,1,1,0,8,0,5,2,1993.0,0,80,89,74,0,41,10,40,1036,1,2009,755000
15697,10,5,1873,1953,191.0,549.0,109,740,569,3413,64,15,821,2,0,1,2,6,3,8,2,1963.0,2,651,25,58,55,1,71,61,267,12,2010,746218
173927,4,9,1947,1967,42.0,86.0,31,638,481,2436,697,18,3415,1,0,3,1,1,2,14,1,1920.0,3,444,233,31,85,14,47,28,750,4,2006,755000
179331,5,9,1992,1954,,106.0,310,114,800,1244,185,6,2081,0,2,0,2,0,2,10,1,2005.0,3,439,30,16,217,28,102,32,132,6,2008,728650
133100,2,1,1913,1968,66.0,1463.0,92,620,1739,1905,447,5,1082,0,1,0,1,4,3,14,2,1979.0,0,684,202,124,108,12,27,30,720,6,2008,597085
182889,8,3,1925,1951,54.0,,90,115,1262,3782,638,60,4171,1,1,0,0,0,1,5,1,1971.0,3,706,199,107,90,16,85,10,572,2,2008,755000
120480,2,9,1946,1961,100.0,372.0,90,660,1294,2493,124,22,861,1,1,3,2,8,1,3,1,1975.0,4,312,200,67,44,14,33,1,124,6,2010,591253
67534,9,2,1887,1966,,1013.0,13,856,1143,4659,531,11,1501,2,0,2,2,2,0,3,0,1995.0,3,530,169,16,128,18,44,22,247,4,2007,755000
41254,2,4,1889,1959,145.0,885.0,323,948,526,2878,733,18,4983,2,2,0,2,1,2,3,1,1924.0,0,110,239,65,101,3,8,5,366,10,2008,751288
179652,9,4,1961,1983,45.0,149.0,124,118,679,1663,375,44,4944,3,0,0,2,5,0,8,3,1966.0,0,435,250,79,71,16,18,9,471,1,2008,755000
80759,7,2,1877,1955,160.0,110.0,0,285,595,3947,514,10,3875,3,0,3,2,2,3,5,2,1925.0,2,280,50,62,11,36,57,17,116,1,2008,755000
149151,8,3,1979,1957,324.0,667.0,116,613,1545,794,485,14,4806,2,0,1,0,4,0,5,1,,3,447,78,69,64,26,37,25,171,2,2010,755000
196304,2,3,1919,2010,385.0,504.0,90,309,1147,1140,31,8,4073,0,1,3,0,7,1,2,2,1980.0,3,397,88,21,15,26,109,2,374,4,2006,755000
205308,7,1,1913,2000,198.0,239.0,75,271,166,4033,277,18,817,1,2,1,2,1,1,5,1,1926.0,0,454,55,56,42,4,9,10,410,8,2009,666783
156838,6,6,1947,1960,192.0,688.0,5,283,1726,2607,780,14,785,2,1,0,1,4,3,7,2,1951.0,2,82,86,18,50,1,24,22,1352,3,2008,684372
169311,4,8,1948,2006,51.0,176.0,388,612,834,392,416,12,4403,3,0,0,1,7,1,3,3,1962.0,2,170,52,21,68,63,32,17,320,11,2009,755000
202268,7,3,2003,1961,305.0,446.0,108,927,1326,2809,1346,15,5528,1,0,2,2,0,3,5,1,1985.0,4,445,161,90,37,48,68,37,89,5,2007,755000
167642,4,5,2001,1958,114.0,95.0,185,1175,1526,1489,296,6,4731,3,2,2,2,3,2,12,1,1944.0,4,873,47,23,146,5,138,14,861,3,2007,755000
60463,2,1,1930,1951,282.0,82.0,126,549,281,831,348,3,3467,0,1,1,0,4,3,8,3,1957.0,0,683,85,12,62,30,42,15,730,8,2007,705436
53234,10,7,1898,1957,42.0,117.0,245,726,1227,4659,121,44,2107,0,0,0,0,2,3,14,1,1937.0,2,608,234,8,54,12,1,0,138,4,2008,755000
197267,7,1,1950,2007,398.0,545.0,85,884,873,4310,393,25,1332,3,0,0,2,1,3,10,2,1934.0,2,351,81,92,20,3,44,38,734,11,2009,693974
164679,8,9,1943,1960,217.0,129.0,18,320,210,1941,1000,57,2399,1,2,3,2,2,1,3,3,1945.0,4,263,100,57,175,16,3,1,251,8,2006,755000
55398,2,8,1878,2009,86.0,87.0,268,92,433,1054,1025,32,731,3,0,0,1,4,2,9,0,1970.0,4,656,401,3,115,8,73,2,65,8,2010,562878
193293,5,7,1982,2002,52.0,590.0,55,541,772,1608,321,33,5436,1,1,0,0,6,0,7,2,1902.0,0,208,25,86,28,36,7,0,1346,9,2009,755000
6786,1,7,1990,1985,205.0,997.0,28,1122,1422,4201,644,9,2137,2,1,3,2,1,2,9,1,1905.0,2,907,17,41,100,0,30,10,397,2,2010,706220
140707,7,5,1934,1959,195.0,655.0,150,751,911,1024,386,22,2485,3,0,3,0,6,1,3,2,1912.0,0,489,113,127,59,32,57,12,304,11,2009,755000
88200,8,5,1995,1970,20.0,1120.0,210,631,1074,4357,130,44,2280,3,0,0,2,5,2,12,3,1945.0,4,1003,49,56,116,18,47,27,129,10,2008,755000
127320,6,5,1883,1969,118.0,963.0,21,408,821,4486,305,7,4051,1,0,2,2,6,2,2,1,1978.0,3,925,61,89,154,12,29,5,1110,7,2006,755000
104095,5,1,1914,1997,279.0,205.0,275,670,1543,3771,97,6,3749,2,2,2,2,6,3,8,1,1989.0,4,605,14,16,56,4,39,14,75,10,2008,755000
143502,6,8,1888,1957,172.0,652.0,185,261,1260,2689,274,3,1728,1,2,0,2,8,3,14,3,1932.0,2,595,216,4,103,13,38,8,183,1,2007,742524
88808,2,1,1934,1985,245.0,363.0,34,188,1081,1083,40,12,4462,1,1,2,1,6,1,10,0,1978.0,0,338,238,35,70,27,40,36,129,4,2006,755000
119624,1,4,1991,1978,204.0,824.0,110,222,428,3385,362,0,2755,3,1,3,2,5,3,10,1,1961.0,2,830,343,97,122,7,42,17,124,4,2009,718736
61866,7,9,1907,1991,337.0,363.0,87,1036,1059,3898,422,91,4253,3,0,2,1,7,1,3,1,1962.0,4,404,365,95,168,19,3,14,132,4,2008,755000
199075,7,9,1879,1961,,,401,163,2390,2038,581,50,3417,1,0,0,1,6,0,5,1,1955.0,4,77,225,70,59,31,0,16,521,7,2010,755000
28492,10,5,1940,2010,101.0,949.0,156,340,1397,3779,423,16,3122,0,0,2,2,5,2,14,0,1938.0,1,788,162,30,112,3,23,30,208,5,2008,755000
2362,10,4,1961,1963,141.0,527.0,336,688,630,2711,953,40,2178,0,2,0,0,3,0,2,2,1959.0,4,636,106,5,53,21,92,41,135,5,2008,755000
85376,2,3,1907,1997,247.0,134.0,2,147,1926,3565,1176,45,2138,0,2,2,0,6,0,12,0,2004.0,2,371,263,113,160,5,68,7,540,3,2009,665554
91080,2,3,1899,2003,185.0,200.0,36,590,608,2549,138,23,1223,3,0,0,2,7,2,8,2,2010.0,0,566,119,22,82,27,144,26,674,10,2009,573040
153917,1,5,1989,1999,147.0,132.0,171,590,1357,1219,688,10,2837,3,0,0,2,7,3,3,1,1977.0,0,508,38,55,73,8,58,42,133,5,2007,699768
22989,10,1,1964,1970,158.0,0.0,130,250,976,1198,1145,60,2227,2,1,2,2,3,0,5,2,1982.0,1,869,99,17,7,2,2,24,792,5,2006,755000
12474,8,5,1947,1971,500.0,208.0,256,396,1091,3828,698,5,2000,3,2,2,0,8,2,13,2,1991.0,2,248,27,0,76,6,19,22,209,8,2008,755000
89761,8,6,1972,1970,222.0,549.0,214,122,1109,3388,586,29,4678,2,0,3,0,2,0,3,2,1923.0,4,872,49,22,23,3,136,30,135,11,2010,755000
127474,1,7,1885,1993,427.0,425.0,266,1053,876,1119,428,4,3399,3,2,1,2,8,0,2,2,1949.0,3,832,270,40,103,47,97,32,126,2,2009,717362
104333,8,9,1942,1999,308.0,224.0,402,603,805,790,76,4,5409,0,0,0,0,2,2,8,1,2004.0,0,339,81,43,27,1,21,81,155,8,2009,755000
10648,9,3,1995,1979,372.0,998.0,186,80,341,678,135,4,3975,0,0,0,1,6,3,7,3,1932.0,2,605,78,13,105,26,5,22,180,4,2007,755000
156086,4,2,1996,1988,161.0,404.0,155,550,437,887,854,43,3409,1,1,0,0,3,1,3,0,1975.0,1,636,134,21,110,38,89,46,518,9,2006,755000
39402,1,3,1908,1969,204.0,522.0,153,568,1166,1121,7,2,1593,1,1,0,0,4,2,5,2,1973.0,3,1244,131,31,44,27,49,11,235,8,2007,634281
75760,1,9,1900,1973,151.0,342.0,227,397,658,2153,265,7,2554,2,1,2,2,2,1,13,1,1906.0,2,304,51,5,9,3,144,21,213,5,2009,671990
103934,3,7,1890,1972,100.0,11.0,171,1036,544,1038,636,50,2752,2,0,2,1,1,2,12,1,1945.0,4,18,258,205,22,20,63,49,419,5,2010,692544
91230,5,9,1977,1956,248.0,545.0,211,104,2413,1286,10,1,3172,1,1,1,2,7,2,4,1,1961.0,0,2,160,21,71,16,11,14,8,9,2007,755000
8101,5,2,1892,1958,4.0,312.0,256,1336,2244,1148,411,44,3130,2,0,0,0,6,1,13,1,,4,552,148,6,157,2,0,37,255,5,2008,755000
104450,9,5,1935,1950,477.0,898.0,80,818,1290,1882,359,46,1120,3,2,1,1,6,1,4,2,1978.0,1,756,201,26,26,31,56,72,615,9,2009,755000
204639,10,4,1898,1975,,747.0,18,49,1360,477,650,35,3701,0,2,3,2,7,3,4,0,1964.0,0,277,24,94,0,13,102,1,188,6,2009,755000
180508,2,2,1926,1987,262.0,1162.0,155,374,593,3111,563,61,5269,1,0,1,0,0,2,12,1,1944.0,3,452,175,75,1,0,27,18,56,11,2007,755000
155997,2,9,1900,1987,375.0,206.0,5,869,407,4100,550,1,2781,1,1,1,1,7,2,5,0,1983.0,0,389,132,70,15,25,30,31,771,11,2010,672419
204964,6,9,1896,2003,64.0,958.0,28,404,829,4159,380,4,3463,3,1,3,2,4,2,2,0,1954.0,4,214,89,42,19,19,102,11,809,1,2007,755000
209424,9,6,1941,2010,122.0,66.0,92,971,1000,1550,370,46,2232,2,2,3,1,7,3,2,0,1965.0,2,650,180,75,25,30,2,0,203,11,2010,755000
176633,1,6,1934,1993,331.0,355.0,44,349,1356,2141,355,4,4837,1,0,1,0,8,1,8,3,1966.0,2,63,145,39,89,21,118,8,1138,12,2009,755000
2842,9,8,2001,1971,140.0,213.0,109,468,84,3073,322,9,3918,1,0,3,2,1,2,6,1,1999.0,2,659,198,176,23,14,106,61,483,12,2007,755000
22977,9,6,1887,1993,262.0,640.0,216,880,2073,1623,606,10,4493,3,0,1,0,2,1,4,1,1979.0,1,392,136,11,124,58,59,48,226,8,2006,755000
179104,9,1,1971,1959,78.0,631.0,113,741,1124,889,130,8,4283,0,2,2,1,5,3,10,1,1953.0,1,746,192,25,37,32,121,21,135,1,2007,755000
182715,5,4,1901,2004,446.0,39.0,18,129,224,1196,316,43,2801,1,2,2,0,8,0,6,0,1992.0,2,543,184,42,64,22,0,17,637,2,2007,726577
40381,9,7,1916,2007,323.0,663.0,78,673,1078,2819,329,18,2527,1,1,1,1,7,1,11,1,,3,112,77,47,66,42,11,63,213,6,2006,755000
195228,4,2,1890,1955,175.0,247.0,115,566,548,2689,14,9,350,3,0,3,2,5,3,4,1,1999.0,4,578,85,36,52,10,1,50,463,5,2006,632335
94405,2,9,1905,1966,368.0,73.0,100,135,513,1299,161,4,3356,1,0,3,0,4,0,10,0,,3,404,101,33,169,12,54,2,571,2,2008,732533
20365,6,8,1933,2000,121.0,395.0,45,56,468,2729,453,35,5327,1,0,2,2,2,2,2,1,1953.0,2,773,96,39,68,1,190,15,44,6,2006,755000
89392,4,8,1989,1999,,190.0,21,272,871,809,703,57,5445,0,0,2,2,3,2,10,2,2007.0,4,681,141,89,25,3,37,20,382,7,2010,755000
55993,6,7,1971,1987,13.0,772.0,71,382,2051,1672,50,4,1600,1,2,3,2,6,1,6,3,2002.0,1,785,165,108,46,21,53,48,92,3,2008,755000
28262,3,4,1893,1973,104.0,377.0,71,478,1046,858,212,29,812,3,1,3,2,6,0,7,2,1951.0,0,413,173,14,87,2,51,2,309,11,2010,604333
29595,6,2,1982,2000,234.0,386.0,147,701,1346,2905,631,23,4630,0,2,3,0,2,3,3,2,1953.0,0,270,86,42,159,35,37,28,117,8,2008,755000
15107,2,3,1944,1959,43.0,365.0,37,828,1469,895,670,26,4311,0,1,3,0,3,2,9,2,1966.0,4,496,143,146,0,5,33,53,720,4,2008,755000
174720,2,6,1909,2005,,1058.0,72,334,927,4036,392,28,3878,0,0,1,2,2,2,4,0,1936.0,3,683,188,3,34,0,39,31,600,10,2010,725376
158804,9,5,1941,1957,233.0,1007.0,461,466,419,1539,465,33,4608,2,0,3,2,1,0,2,1,2007.0,4,260,155,58,264,1,28,45,176,9,2009,755000
190226,7,8,1987,1970,14.0,940.0,511,196,200,4367,512,62,4882,3,0,2,1,5,3,8,2,1911.0,3,577,174,51,16,45,70,33,4,7,2009,755000
172634,3,6,1950,2005,8.0,365.0,69,534,806,4181,584,11,819,2,0,2,2,6,2,13,2,1958.0,3,594,104,149,12,8,44,61,100,3,2007,597527
169452,1,6,1880,1955,24.0,46.0,61,887,1571,4535,128,0,4422,1,0,0,1,3,2,4,1,1919.0,0,843,336,165,47,47,74,5,601,5,2009,755000
133696,8,1,1903,1970,49.0,393.0,151,540,1467,2572,1066,20,5007,0,2,3,1,4,1,5,0,1986.0,1,239,138,96,26,31,22,11,331,9,2007,755000
92567,6,4,2003,2006,153.0,525.0,108,965,1128,1494,409,2,671,2,1,1,2,7,3,6,2,1985.0,2,623,230,275,14,24,35,19,58,12,2009,704639
168281,7,5,1921,1988,175.0,725.0,21,880,1194,4159,591,24,1194,1,2,0,0,8,2,2,1,1931.0,1,377,177,46,51,8,54,44,231,9,2007,694099
21170,9,3,1953,1973,265.0,,252,1083,931,405,4,23,2337,2,0,0,1,6,0,12,1,1970.0,2,311,64,245,41,0,67,21,817,8,2007,755000
166950,5,9,1876,1982,230.0,10.0,20,551,759,1088,225,54,1805,0,1,1,0,0,2,12,3,1985.0,0,985,12,11,137,30,21,10,142,8,2006,717272
204496,1,1,1958,2008,210.0,185.0,1,287,630,4186,450,19,2376,1,1,0,2,2,3,10,2,1943.0,2,611,11,15,84,11,41,28,566,9,2007,636446
28090,10,6,1997,1967,34.0,149.0,230,748,264,1238,421,5,3762,0,0,0,2,4,1,8,2,1965.0,3,884,262,145,7,59,21,59,340,5,2010,755000
120174,7,6,1946,2005,21.0,615.0,28,350,1898,385,60,27,3454,0,1,2,2,2,2,3,3,1977.0,4,313,54,32,14,14,5,14,187,11,2010,755000
26589,5,5,1893,1977,74.0,625.0,53,735,1085,2955,9,30,1853,2,2,0,2,0,0,14,1,1954.0,2,919,97,131,62,1,23,23,490,9,2007,718954
187501,3,5,1939,2006,77.0,677.0,88,234,778,3524,211,0,1035,3,2,1,1,1,2,2,1,1915.0,1,398,154,97,127,6,44,30,144,6,2010,644506
16785,9,5,1915,2001,138.0,520.0,302,168,1910,4282,342,31,4722,1,2,3,1,7,0,12,2,1987.0,0,698,352,64,149,17,76,16,496,6,2009,755000
45782,1,6,1905,1981,43.0,423.0,207,986,2005,1621,270,7,4369,1,2,3,0,6,3,3,2,1970.0,0,263,36,71,148,42,105,38,1533,11,2010,755000
87488,1,8,1948,1961,393.0,290.0,27,94,2372,2106,869,41,4078,3,1,3,0,2,1,4,3,1967.0,4,231,305,63,80,6,90,33,611,10,2006,755000
6048,1,2,1913,1997,92.0,343.0,9,908,875,4236,148,16,1507,1,2,2,1,3,3,13,2,1951.0,3,493,201,118,26,7,94,17,173,12,2010,599439
141807,3,6,2008,1991,400.0,439.0,45,734,1052,4254,393,34,1939,2,1,2,2,2,2,4,2,1936.0,3,887,26,28,137,3,76,2,1076,6,2009,703189
5009,6,1,1977,1976,214.0,901.0,29,537,1325,1283,52,16,2213,1,0,2,0,3,2,9,0,1945.0,0,815,108,20,37,8,30,1,823,7,2009,755000
125261,10,4,1966,1959,55.0,431.0,182,257,1831,3472,386,22,5451,2,2,1,1,7,1,6,3,1940.0,3,535,39,71,54,7,17,20,328,9,2007,755000
31655,3,3,2006,1995,87.0,9.0,212,1094,1031,2750,535,5,3727,1,0,3,0,8,0,10,1,1904.0,4,419,28,57,43,41,5,53,816,3,2008,755000
188143,8,9,1939,2006,234.0,664.0,15,126,508,2613,568,33,2458,2,2,1,1,6,3,4,2,1965.0,0,579,270,31,21,13,99,14,253,12,2009,755000
190171,10,3,1999,2001,138.0,393.0,334,881,623,1759,520,10,5563,3,0,1,2,8,0,7,1,1904.0,3,236,84,187,58,12,38,16,372,6,2007,755000
145488,2,6,1956,1991,37.0,239.0,113,223,1588,1918,226,38,5325,1,0,0,1,8,2,5,2,1962.0,2,535,162,91,99,13,28,11,214,10,2007,755000
157842,9,1,1954,1981,122.0,245.0,328,191,1310,1380,333,13,4976,2,0,3,0,6,0,9,0,1902.0,2,511,163,8,13,2,17,5,395,5,2010,755000
174716,3,6,1966,1991,,434.0,142,767,913,2499,538,103,1780,0,0,0,1,6,3,13,3,2005.0,3,512,5,83,40,13,31,97,1007,4,2010,670958
44218,5,4,1903,1975,306.0,491.0,271,715,880,4357,680,29,3640,0,0,2,0,7,0,2,3,1907.0,2,616,100,16,80,12,26,26,454,8,2007,755000
53524,10,8,1937,1974,300.0,1.0,144,41,913,1510,551,28,3735,0,1,2,0,2,2,5,1,1925.0,4,698,240,29,55,19,46,29,138,3,2006,755000
40598,8,9,1987,1960,256.0,697.0,195,1074,1619,2494,686,23,4117,1,1,1,0,7,3,8,0,1973.0,1,97,78,97,40,1,31,30,615,2,2007,755000
81519,2,4,2009,1972,146.0,661.0,87,417,605,1365,726,46,2706,2,2,1,2,0,0,10,1,1997.0,4,292,50,10,22,2,78,9,612,4,2010,695259
62929,6,6,2001,1983,19.0,,2,527,393,3622,341,14,484,0,1,0,2,5,0,14,0,2009.0,4,336,193,47,78,23,110,6,69,3,2009,630787
67340,5,1,1931,2006,,404.0,161,381,1908,1649,499,30,1993,1,0,0,1,1,3,2,2,1999.0,3,460,105,22,22,4,82,29,91,7,2006,726704
29316,10,4,1888,2001,241.0,778.0,44,58,1012,1226,699,25,1212,2,1,1,1,6,2,9,2,1952.0,4,482,240,26,54,2,20,39,949,12,2008,752321
25260,9,7,1967,1989,11.0,547.0,13,794,960,440,456,33,2653,0,1,3,0,2,3,3,0,1975.0,3,658,133,16,199,53,9,19,985,4,2009,755000
34891,5,1,1887,1972,9.0,119.0,350,615,1335,3414,779,0,3217,0,0,1,2,4,2,5,2,1983.0,0,580,243,38,26,17,20,8,82,10,2010,755000
104633,2,8,1917,1978,125.0,320.0,83,177,505,1078,649,8,4329,1,1,3,1,1,0,5,3,1928.0,3,799,360,194,20,28,55,21,409,12,2009,755000
116121,5,6,1978,1980,606.0,622.0,37,877,1375,955,47,49,2749,2,0,0,1,0,3,9,0,1913.0,3,424,119,128,2,14,102,49,144,9,2009,755000
200013,4,5,1959,1956,95.0,412.0,78,521,808,4574,222,29,1849,1,1,2,2,4,2,12,0,1904.0,0,330,213,37,111,28,48,50,516,12,2010,692624
37695,7,9,2000,1989,125.0,27.0,126,530,1562,1154,307,32,3721,0,0,2,0,8,3,3,1,1926.0,1,465,287,31,46,17,86,38,243,11,2009,755000
130995,6,2,2010,1982,49.0,672.0,165,1210,233,745,172,16,923,1,2,0,1,8,0,8,0,,0,507,94,0,86,44,40,73,156,5,2007,663123
155072,2,5,1990,1970,247.0,883.0,156,143,1225,447,333,1,921,1,1,0,0,6,3,4,1,1928.0,3,524,6,22,37,0,5,3,18,3,2006,629216
35920,5,6,1956,1951,114.0,808.0,285,148,884,2780,297,27,2953,0,2,2,2,8,0,10,0,1902.0,2,436,21,35,93,22,74,69,1516,2,2010,755000
129448,7,7,1875,1967,479.0,757.0,121,58,647,3680,820,1,1529,0,0,3,2,3,0,6,3,1996.0,3,771,45,131,50,5,152,2,223,6,2006,742928
21859,7,5,1942,1996,75.0,451.0,8,645,1385,4553,502,19,4687,2,0,0,1,2,0,13,3,1929.0,0,746,307,160,92,0,19,19,308,6,2007,755000
94696,5,9,1982,1982,20.0,11.0,126,356,925,419,691,40,2660,2,2,3,1,3,2,9,3,,3,771,229,111,3,52,55,31,187,1,2010,755000
194014,9,1,1921,1986,294.0,321.0,37,388,1233,4476,104,7,2939,0,0,3,2,6,2,6,1,1908.0,0,253,57,119,0,15,77,62,622,7,2007,755000
208911,4,7,1966,1983,78.0,397.0,179,123,1632,1906,911,15,2872,0,0,2,0,7,1,2,1,1900.0,4,681,276,93,55,26,27,15,207,12,2008,755000
23032,3,7,1963,1969,243.0,,250,1166,1395,2339,657,38,899,3,0,3,0,1,2,10,2,1922.0,1,901,157,47,32,21,36,22,410,5,2008,651743
92662,4,4,1936,1984,381.0,73.0,24,1300,459,4413,470,8,2090,3,0,2,2,4,1,11,1,1966.0,1,779,57,16,126,31,108,33,57,7,2008,698336
162726,5,9,1918,2000,51.0,186.0,313,859,729,1137,422,42,4409,2,0,0,1,4,3,12,1,1931.0,0,371,116,34,51,1,29,12,71,12,2006,755000
15143,6,5,1977,1999,510.0,823.0,228,102,1229,3668,771,8,1694,1,0,1,2,8,0,13,3,1987.0,1,417,150,58,57,15,7,10,840,4,2008,715103
115365,3,4,2001,2010,228.0,245.0,52,305,1396,3683,1009,0,2902,0,0,1,1,2,2,8,0,1905.0,2,107,110,65,61,13,17,41,863,5,2008,727618
73026,2,7,1977,2003,231.0,75.0,150,830,804,1403,304,55,2707,0,0,1,0,5,0,5,1,1976.0,2,821,351,44,32,5,27,33,106,7,2007,690626
18940,4,4,1895,1967,373.0,507.0,95,481,1098,3003,312,7,1529,1,2,1,1,4,1,8,2,1948.0,1,255,67,150,2,7,46,45,388,6,2009,649247
53828,5,3,1875,1995,426.0,608.0,53,860,1095,4475,93,19,2465,2,1,1,0,1,2,6,0,,0,380,117,14,145,32,78,70,236,1,2009,692016
39713,4,9,1979,1973,152.0,371.0,336,999,1165,3105,352,17,3222,3,0,1,2,1,2,11,1,1957.0,2,639,136,215,85,9,59,39,693,1,2008,755000
53938,3,8,1890,1957,259.0,384.0,127,1262,410,4516,75,17,1901,2,2,3,1,3,2,10,0,1952.0,1,536,46,16,77,9,57,3,529,2,2009,632351
185108,8,1,1911,2010,379.0,907.0,76,238,292,1742,963,12,3744,1,0,3,0,3,2,3,0,1929.0,3,591,111,23,72,15,49,42,179,11,2008,755000
111433,10,7,1921,1979,132.0,654.0,104,532,129,4074,731,18,2701,0,1,1,1,6,0,5,0,1975.0,2,355,189,66,27,7,13,25,1127,11,2008,755000
107657,4,9,1946,1993,245.0,600.0,98,323,1052,598,9,48,3677,3,0,0,0,0,2,7,0,1939.0,4,185,451,103,24,1,11,27,224,3,2006,755000
201238,2,8,1883,2002,,,123,300,317,4182,68,7,3431,1,2,0,0,5,1,12,0,1958.0,2,554,133,127,70,17,70,56,575,1,2010,685951
151459,2,8,1898,1959,250.0,279.0,1,780,2068,3427,1154,38,1594,0,2,3,2,8,2,6,1,1962.0,1,279,265,19,99,1,38,7,136,10,2009,665399
173802,1,6,1984,1972,37.0,1269.0,99,725,1327,1807,108,10,1667,2,1,3,2,1,1,2,0,1947.0,1,630,90,23,44,62,45,42,38,2,2008,656614
156876,4,4,1920,2001,162.0,523.0,190,281,409,4615,13,31,4662,3,0,1,1,4,1,10,0,1998.0,1,277,173,166,25,46,43,11,229,12,2009,755000
139486,10,8,2001,1998,44.0,983.0,354,139,1567,659,128,0,4978,0,2,0,0,3,0,10,2,1991.0,0,462,199,21,101,16,47,10,393,2,2006,755000
80159,9,3,1931,1960,71.0,760.0,2,346,1568,1540,243,21,3670,0,1,2,2,3,2,4,2,1967.0,0,928,211,102,99,19,41,16,172,7,2006,755000
100957,7,9,1901,1951,100.0,499.0,161,792,1609,1838,84,26,3418,0,1,1,1,7,1,5,0,1906.0,3,554,68,78,5,7,45,3,41,11,2008,755000
143347,10,2,1955,2007,257.0,432.0,318,1034,595,3868,91,23,3721,0,0,3,2,5,2,5,1,1946.0,3,300,118,59,21,13,27,28,389,12,2009,755000
12323,7,2,1899,1975,112.0,337.0,168,214,1358,1774,60,23,5047,0,2,3,1,6,0,11,2,1942.0,2,624,15,107,57,77,36,49,587,6,2009,755000
22747,7,7,1896,1985,320.0,841.0,174,943,1617,1289,831,14,5435,2,0,3,2,8,0,9,2,1915.0,1,464,23,35,12,1,2,33,389,9,2009,755000
127199,8,4,1967,1982,58.0,384.0,314,748,1785,888,166,28,2765,1,0,2,2,2,2,7,0,1921.0,3,302,73,94,12,3,106,11,278,10,2006,755000
25259,1,8,1996,1996,283.0,108.0,209,665,238,3588,243,7,1350,3,0,0,0,1,1,3,1,1962.0,1,506,26,4,4,18,50,27,353,5,2007,582714
67503,10,9,1881,1962,115.0,760.0,122,17,891,4473,50,32,975,2,2,3,0,2,3,5,3,1945.0,2,810,65,62,74,11,95,20,504,3,2007,755000
120456,10,7,1913,1989,,1033.0,42,0,577,2370,216,30,4396,3,1,1,2,7,3,2,1,1944.0,0,650,138,51,133,3,0,41,766,1,2009,755000
162075,8,5,1911,1974,120.0,370.0,14,167,1932,1620,69,52,649,0,0,2,0,8,0,4,2,1940.0,3,454,172,45,111,0,74,15,606,1,2009,722192
10637,4,8,1948,1953,187.0,1342.0,47,369,1245,1531,330,18,2637,1,0,0,2,4,1,5,2,1924.0,4,196,39,53,101,28,3,9,280,2,2010,725177
47727,4,4,1976,1991,118.0,14.0,7,1220,1445,2601,428,27,774,0,2,1,1,7,3,9,2,1949.0,4,683,62,17,67,11,4,29,947,11,2008,644378
62829,4,2,1989,1968,47.0,15.0,42,235,1238,3963,860,8,1472,2,0,1,2,6,1,4,2,1966.0,4,619,64,87,123,0,58,2,262,11,2006,677315
103323,6,6,1913,1967,197.0,97.0,156,808,1187,3799,64,25,1248,2,1,2,2,8,2,6,2,1951.0,4,93,67,27,34,7,42,2,204,3,2010,688331
85965,7,9,1918,1986,247.0,400.0,73,314,568,1105,947,10,5577,3,0,2,1,3,0,2,0,1985.0,4,129,81,25,122,2,46,40,69,11,2009,755000
107087,6,1,1893,1979,78.0,111.0,266,689,776,2790,22,55,2637,0,1,2,1,2,2,14,0,1930.0,4,893,133,67,47,5,21,3,196,10,2007,755000
164293,1,7,1978,1968,161.0,63.0,61,474,1035,804,204,109,4476,0,0,3,0,8,2,5,0,1936.0,4,580,265,105,12,33,66,45,173,10,2007,755000
34607,8,9,1898,2007,369.0,124.0,61,570,675,1704,1005,4,3755,1,0,0,1,7,2,3,2,1921.0,3,151,109,56,142,19,98,34,266,5,2010,755000
159727,10,9,1912,1972,242.0,455.0,316,647,583,3466,1461,6,5576,1,0,3,0,6,1,5,0,1926.0,4,784,13,160,76,49,10,13,133,7,2007,755000
128316,7,3,1951,2008,137.0,493.0,106,400,897,1005,974,44,2412,0,1,2,2,0,3,6,2,1901.0,4,804,88,158,86,9,27,26,386,4,2007,755000
6135,6,5,1960,2003,190.0,896.0,33,649,697,1508,210,44,4484,3,0,2,1,1,2,4,1,1921.0,2,322,69,0,10,10,34,2,119,10,2008,755000
21459,6,8,1937,1965,248.0,887.0,19,993,1024,444,505,20,2534,1,0,2,2,8,0,7,3,1952.0,3,269,44,27,73,40,11,17,41,11,2009,755000
179977,5,8,1883,1950,377.0,809.0,123,198,778,3893,573,8,4885,0,0,3,0,4,1,13,1,,2,519,154,34,93,50,77,6,263,6,2010,755000
123090,6,4,1944,1961,214.0,295.0,84,974,657,1360,438,4,369,0,1,1,1,0,3,3,3,1955.0,1,540,379,162,53,1,130,26,547,6,2006,647473
106916,9,1,1947,1973,92.0,336.0,136,393,536,3888,103,25,1151,0,0,2,0,8,2,6,0,1983.0,4,460,57,34,109,15,83,28,609,11,2006,731848
170460,10,1,1961,1983,226.0,345.0,106,351,1003,3567,393,11,2280,2,2,3,0,0,0,5,3,1987.0,0,231,229,19,14,13,16,17,709,2,2009,755000
80052,9,4,1881,2002,154.0,807.0,12,779,1444,1806,97,26,4290,3,1,2,1,7,2,6,1,2008.0,4,412,150,45,22,6,55,77,355,6,2006,755000
56584,10,6,1967,2006,285.0,737.0,30,363,1325,2713,87,13,4685,0,2,3,1,4,3,14,1,1930.0,4,393,219,160,45,27,93,33,251,5,2007,755000
58343,8,8,1891,1957,280.0,153.0,38,627,236,3305,175,2,2559,0,0,0,0,5,3,10,3,1942.0,2,128,140,40,81,3,15,5,238,11,2008,755000
167919,10,6,1910,1967,55.0,176.0,88,590,1429,2715,426,5,3659,0,1,0,1,0,2,7,1,1971.0,1,747,388,115,91,4,68,17,317,6,2010,755000
98307,9,9,1931,2006,32.0,18.0,112,333,1321,3624,700,33,841,1,1,3,0,1,2,8,0,1952.0,2,234,94,45,81,21,93,31,3,4,2010,747941
84144,10,9,1937,1997,20.0,469.0,325,667,1443,2167,198,54,4079,0,0,2,2,6,1,12,1,1904.0,3,826,107,36,143,28,19,81,129,1,2007,755000
28832,8,2,1936,1954,207.0,,68,76,1541,787,268,15,4450,2,2,3,2,1,3,9,3,1901.0,1,538,199,43,56,12,43,15,826,9,2009,755000
166721,8,1,1995,1975,32.0,817.0,26,45,636,1074,621,69,4211,2,1,0,1,4,3,10,0,1958.0,1,339,26,0,23,26,137,51,198,3,2008,755000
123702,1,2,2001,1979,50.0,219.0,24,646,850,2714,328,28,5148,3,1,3,1,8,2,6,3,1903.0,1,596,266,17,16,63,22,39,461,1,2006,755000
119312,10,5,1928,2003,99.0,302.0,114,714,1895,2691,452,21,793,0,1,0,2,4,0,9,2,1998.0,2,466,180,2,8,0,1,11,658,4,2010,755000
177817,5,4,1949,1962,,850.0,230,982,1865,1777,331,10,5631,0,1,0,0,2,2,3,2,1933.0,4,831,133,40,46,14,48,15,716,7,2010,755000
138085,4,4,1900,1968,127.0,450.0,158,64,961,4014,381,5,1739,0,1,1,0,5,2,11,0,1966.0,4,1030,144,31,158,2,38,45,454,4,2009,712217
57478,2,9,1886,1978,44.0,526.0,188,203,1301,2082,131,40,4429,2,0,2,0,6,3,10,0,1983.0,4,598,181,121,140,9,10,9,253,11,2008,755000
50707,8,8,1883,1952,164.0,266.0,37,685,1345,2735,348,16,5490,1,1,3,1,7,1,3,1,1972.0,4,455,334,22,53,6,58,82,261,4,2006,755000
202712,3,6,1972,1975,116.0,685.0,49,989,1878,3505,871,25,2370,1,2,2,0,2,2,14,3,1905.0,4,900,63,88,82,17,98,11,636,9,2010,725916
52290,4,1,1955,1989,286.0,605.0,36,576,1172,4574,367,19,3011,0,1,2,1,3,0,13,2,1957.0,3,448,173,33,32,15,29,10,505,11,2010,755000
208044,7,2,1996,2008,239.0,121.0,66,148,393,2340,33,13,2078,1,0,0,1,3,0,6,1,,0,368,128,32,15,20,64,34,78,6,2006,723723
130773,10,6,1974,2007,181.0,197.0,240,1102,761,2120,890,9,3317,3,0,0,1,1,2,7,2,1904.0,1,807,5,40,58,1,40,41,389,9,2008,755000
197917,9,2,1895,2007,103.0,520.0,115,395,2566,1743,588,11,2692,2,2,3,2,6,0,5,1,1960.0,0,709,37,92,1,25,76,79,577,12,2008,755000
59441,2,5,2009,1961,312.0,699.0,294,407,370,2096,607,6,1565,0,1,3,0,3,0,9,1,2004.0,3,371,238,0,190,34,25,0,195,12,2008,618695
156165,3,5,1981,1951,342.0,495.0,6,74,1025,1243,596,14,1511,1,2,3,1,3,2,11,2,1955.0,4,578,19,34,102,2,12,29,207,2,2010,683663
57870,4,6,1949,1960,,959.0,71,789,2156,1094,150,16,1095,0,2,0,0,7,0,4,1,2001.0,3,414,325,103,128,35,7,72,244,7,2007,660340
170264,10,6,1972,1993,70.0,240.0,126,841,600,3574,559,37,5112,0,2,1,2,5,0,12,2,1934.0,3,651,64,115,77,8,107,58,69,7,2010,755000
2315,1,6,1999,1977,63.0,765.0,67,217,363,3023,853,30,2688,2,2,3,0,5,2,14,0,1994.0,0,626,216,141,43,19,149,42,992,8,2009,655624
63113,7,2,1929,1967,323.0,27.0,98,1200,271,864,107,32,5048,2,1,0,2,8,3,6,3,1912.0,1,180,124,17,19,29,51,43,1,10,2009,755000
29012,2,3,1947,1962,275.0,681.0,75,265,602,1693,471,21,4060,1,0,1,1,3,1,3,1,1925.0,2,510,153,3,31,12,142,17,759,11,2010,752890
101797,5,6,1907,1986,70.0,362.0,22,750,118,4152,446,12,1877,2,0,2,1,8,1,4,2,1985.0,2,129,389,32,49,37,12,28,721,9,2010,644868
140787,1,8,1893,1971,187.0,173.0,79,589,1518,2361,313,22,4011,3,1,0,2,0,3,9,2,1995.0,1,144,28,40,21,27,48,24,826,8,2006,726698
114116,3,1,1998,1961,,20.0,196,310,1134,2894,319,11,2267,0,2,3,1,8,2,12,3,,4,376,27,101,35,94,11,47,331,2,2008,712697
130078,2,1,1951,1951,146.0,,211,717,66,2511,542,14,3502,2,1,3,0,0,3,6,3,1978.0,3,350,253,63,9,5,43,9,344,3,2006,702484
63592,1,2,1971,1986,290.0,883.0,23,681,202,1871,512,29,3895,1,2,1,0,6,1,4,3,1910.0,4,72,77,34,6,20,21,4,28,12,2009,682566
25133,7,6,1967,1956,197.0,442.0,84,206,1620,1607,286,10,4436,1,2,1,2,5,1,6,1,1961.0,3,203,49,111,42,3,67,17,1019,2,2009,755000
136530,5,9,1889,1975,431.0,326.0,271,1110,1096,3115,1055,56,4191,1,1,0,0,6,1,10,2,1979.0,2,114,233,4,106,5,26,8,976,1,2007,755000
195052,1,4,1909,1975,101.0,425.0,20,683,1716,1280,600,22,4351,3,1,1,1,8,1,4,1,1946.0,1,314,128,118,16,33,83,0,47,7,2008,755000
21609,6,3,1980,1973,214.0,138.0,47,995,1559,1632,456,35,4778,2,2,0,1,3,2,13,1,1969.0,0,631,67,158,86,22,110,36,202,8,2008,755000
8270,5,8,1994,1961,,625.0,169,186,424,2845,627,5,3298,2,2,1,1,8,1,11,0,2009.0,0,869,38,65,64,0,96,36,127,5,2009,755000
73774,3,9,1975,1965,113.0,215.0,142,335,1440,2522,615,75,1364,3,2,2,0,2,1,8,3,1974.0,1,764,36,44,11,36,66,41,874,10,2006,652260
47840,7,5,1952,1972,156.0,29.0,75,972,1281,1215,866,27,2881,2,2,3,1,8,2,9,0,1957.0,2,608,142,55,15,28,6,11,278,11,2010,755000
152756,10,9,1958,1989,352.0,83.0,159,127,19,2181,50,62,2856,2,1,3,0,0,3,6,0,1909.0,3,594,256,45,66,41,28,2,1112,9,2008,755000
19317,9,2,1932,2009,165.0,616.0,81,347,319,2309,633,40,4953,2,0,2,2,4,2,4,1,1915.0,0,473,26,32,49,33,54,4,77,4,2010,755000
77180,9,3,1917,1958,424.0,279.0,12,662,2218,4602,205,33,2209,3,0,3,1,4,1,12,1,1911.0,2,475,165,178,2,5,2,18,787,1,2009,755000
106870,9,7,1903,1981,151.0,944.0,202,257,536,3298,77,47,923,3,2,3,2,0,0,7,2,1970.0,1,846,357,183,10,8,45,13,531,4,2007,755000
10002,2,7,1886,1964,63.0,721.0,53,28,1205,3397,46,3,2614,1,0,3,0,0,2,14,0,2002.0,4,654,103,50,40,7,103,19,212,5,2009,706842
132756,3,6,1915,1986,141.0,79.0,140,1052,904,3462,461,11,3435,3,0,3,0,2,2,13,3,1990.0,2,549,93,9,68,22,19,23,46,11,2010,744139
1704,7,6,1925,1962,112.0,653.0,27,523,1091,831,516,33,2748,3,0,2,2,8,3,4,0,1987.0,2,61,148,111,44,36,75,6,137,12,2009,755000
173315,5,2,1915,1954,233.0,236.0,284,970,937,2550,190,1,4231,1,0,0,1,6,1,10,2,1949.0,4,682,177,42,22,29,21,8,577,8,2008,755000
180298,2,6,1969,1960,61.0,589.0,263,572,1482,1322,792,11,4012,3,0,3,1,5,0,3,0,1914.0,2,685,10,106,61,32,62,43,178,5,2010,755000
161561,3,4,1876,1959,524.0,740.0,250,1482,1469,2942,330,25,2177,2,0,2,1,8,2,14,0,1958.0,0,345,10,3,11,14,4,12,419,12,2010,689395
14063,10,3,1980,2001,107.0,845.0,1,675,1058,2809,763,9,4485,0,2,3,2,3,2,4,0,1969.0,0,556,152,64,120,20,47,24,603,10,2007,755000
150756,6,2,1898,1962,476.0,480.0,23,1007,547,1704,222,14,2272,1,2,2,0,3,2,8,2,1961.0,0,466,108,21,108,33,84,20,586,9,2008,731659
192472,7,1,1987,1990,116.0,1040.0,182,401,715,3922,14,3,2528,0,2,2,2,2,0,11,0,1982.0,2,365,55,44,63,10,27,12,407,6,2006,755000
99442,9,5,1958,2002,352.0,576.0,119,584,212,2836,476,25,4793,0,1,0,0,4,2,9,1,1971.0,2,602,123,7,45,41,21,14,434,8,2007,755000
142232,1,2,1975,1995,84.0,454.0,224,756,832,512,723,18,586,1,0,1,1,4,2,6,0,,2,229,114,35,56,44,62,21,563,3,2008,557010
81942,7,2,1994,1999,97.0,278.0,172,823,116,2263,86,34,1800,0,0,0,1,6,0,6,1,1961.0,1,1009,101,64,104,2,67,49,600,3,2006,738473
51912,8,7,1950,1964,,,177,484,1109,2882,438,49,1069,0,1,0,0,6,2,6,0,,4,632,480,90,123,38,107,27,725,9,2010,735619
24874,3,8,1914,1991,115.0,567.0,153,501,1147,445,75,39,673,1,0,3,1,5,0,5,1,1949.0,2,472,247,34,193,11,23,6,242,6,2007,618309
24824,4,8,1968,2005,4.0,440.0,128,700,1502,3553,219,33,3921,1,2,2,2,3,3,10,0,1976.0,4,739,112,139,61,17,8,21,1180,4,2010,755000
201544,10,4,1902,1956,281.0,504.0,57,700,389,1048,200,38,1710,2,2,1,0,6,0,7,3,1953.0,3,695,153,38,174,22,10,21,83,8,2010,755000
12216,6,1,1970,1989,405.0,,191,89,423,1735,344,28,5053,1,1,2,1,1,3,14,1,1953.0,0,313,27,52,169,6,31,7,85,4,2010,755000
6109,10,7,1888,1977,384.0,502.0,275,589,1762,3258,46,34,1038,3,2,3,1,8,0,13,3,1996.0,1,373,25,6,54,8,49,13,153,11,2008,755000
164573,7,1,1954,1981,,1205.0,41,628,315,1715,722,39,4058,0,1,2,1,6,1,14,1,1995.0,4,71,171,45,40,36,100,1,698,4,2006,755000
185702,4,4,1981,1984,160.0,188.0,43,109,2025,3461,1244,26,4752,1,2,3,1,1,2,9,0,1927.0,0,231,175,150,79,20,64,24,256,12,2008,755000
145828,8,8,1903,1964,140.0,572.0,123,862,538,3345,314,9,5593,2,0,0,0,1,3,9,2,2003.0,1,666,294,32,162,24,51,0,207,7,2010,755000
188769,5,2,1906,1997,479.0,308.0,0,665,541,1542,607,13,3242,1,2,0,0,5,2,6,0,1950.0,0,545,126,16,12,56,3,0,19,7,2007,747970
122588,1,6,2004,1985,302.0,584.0,117,1432,1421,3459,76,21,2308,0,1,3,1,6,2,13,2,1973.0,2,376,237,3,97,41,53,10,804,12,2010,688184
40065,4,6,1900,1970,417.0,322.0,49,489,1274,370,536,6,1802,1,0,0,2,8,0,10,3,1932.0,2,586,296,50,142,4,131,12,986,8,2006,661296
167188,3,9,1941,1955,512.0,25.0,11,954,1820,2162,1040,29,2476,0,1,2,2,3,1,3,2,1900.0,0,367,128,24,5,21,0,20,158,10,2008,736375
46406,9,5,1966,1950,250.0,373.0,162,715,54,3394,61,12,886,1,0,1,2,7,0,9,2,1984.0,1,137,266,170,48,22,36,37,571,7,2006,692474
55232,8,4,1893,1953,14.0,389.0,72,1268,1266,3675,587,14,3825,2,0,1,2,1,2,4,2,,0,263,121,107,65,14,96,2,462,8,2008,755000
149472,1,5,1940,1960,134.0,554.0,193,112,977,4275,363,22,1123,3,2,2,0,5,0,8,2,,3,1073,88,4,13,24,132,20,348,8,2006,615297
58391,6,5,1960,1993,148.0,187.0,66,301,461,1143,697,26,1507,2,2,1,0,3,3,14,3,1954.0,1,462,6,8,54,20,23,6,833,7,2006,727347
23249,9,8,1943,1975,19.0,237.0,245,125,1940,3406,681,4,886,1,0,2,2,7,1,10,2,1984.0,1,476,147,18,32,51,65,39,21,1,2008,755000
202452,7,8,2000,2010,128.0,680.0,2,468,1117,4452,411,2,3756,0,2,3,0,8,2,12,0,1988.0,0,630,141,88,63,4,0,5,21,4,2008,755000
39044,4,2,1958,1986,170.0,76.0,276,50,968,1860,455,25,4545,2,2,1,2,1,0,6,1,1983.0,4,744,143,2,100,7,34,39,224,3,2008,755000
177915,1,7,1967,1972,503.0,335.0,231,110,1227,3853,785,32,965,3,1,3,1,6,3,12,1,1944.0,0,443,261,85,6,43,0,13,552,12,2009,583253
109619,2,8,1946,1978,292.0,462.0,37,353,135,829,136,69,603,3,2,3,1,6,1,9,0,1972.0,4,777,226,147,197,23,85,6,578,9,2006,564607
93493,5,6,1925,1970,447.0,828.0,118,378,375,758,922,48,1194,0,0,2,2,7,0,5,3,1979.0,1,444,131,125,39,46,115,28,716,12,2009,680389
37487,5,5,1959,1997,168.0,675.0,142,762,833,3081,16,11,624,1,2,1,0,4,0,2,0,1991.0,2,497,128,55,2,21,57,1,10,10,2009,639439
139611,8,9,1925,1994,30.0,470.0,273,317,1158,2399,330,3,1791,2,0,0,2,2,2,2,0,1939.0,2,379,108,45,49,34,8,10,67,8,2010,725989
125754,6,3,1887,1994,148.0,900.0,182,6,1637,2316,551,14,963,2,0,0,0,0,3,7,2,2009.0,0,692,56,102,46,49,17,37,436,9,2009,684367
15789,8,4,1970,1998,284.0,832.0,110,236,557,1802,351,0,808,0,1,0,1,3,1,9,2,1960.0,4,154,75,26,112,0,4,61,250,5,2009,688284
190389,2,9,1891,1976,336.0,267.0,251,288,443,4134,852,25,4966,2,0,0,0,2,0,11,3,1935.0,0,557,46,13,35,0,0,32,105,5,2008,755000
63177,3,6,1917,1988,228.0,499.0,51,114,1250,1567,490,29,4414,0,0,2,2,1,1,3,3,2002.0,3,648,104,19,70,4,37,20,463,10,2008,755000
175497,6,8,1998,1989,26.0,516.0,209,1142,932,2131,1620,1,5114,0,1,3,1,5,3,12,1,1923.0,0,756,62,65,127,16,31,3,186,5,2007,755000
51222,10,7,1929,1962,63.0,365.0,33,1066,39,898,1132,14,2094,1,0,1,1,6,2,5,3,1979.0,0,636,150,23,24,5,54,4,175,2,2006,755000
95374,3,2,1982,1972,350.0,853.0,146,1135,540,3353,295,34,3416,0,1,2,0,6,2,4,0,1913.0,0,270,70,0,59,25,67,15,298,7,2009,743192
164421,6,3,2000,2008,59.0,339.0,83,571,909,1638,1014,0,5042,2,0,0,1,7,2,14,1,1997.0,0,644,110,181,51,17,32,0,193,8,2009,755000
38431,6,1,1952,1965,358.0,199.0,87,612,922,466,638,16,4308,0,2,1,1,1,1,10,1,1987.0,4,685,163,88,41,15,48,1,1034,5,2006,755000
175316,2,9,1955,1979,49.0,636.0,102,238,1044,782,392,63,3732,2,1,2,0,5,1,4,2,2010.0,4,662,79,71,153,15,51,57,316,8,2008,755000
117065,7,7,1941,2010,251.0,80.0,25,161,349,2164,363,7,2657,0,1,3,1,5,0,12,2,1974.0,4,440,195,1,24,23,61,11,485,6,2008,754858
75263,2,1,1879,1953,117.0,126.0,72,508,934,2492,269,0,3895,1,0,0,2,0,3,9,1,2008.0,3,461,282,95,54,47,27,26,44,4,2006,720689
108184,6,3,1900,1989,546.0,383.0,161,760,1473,3960,301,43,2726,1,1,1,0,1,3,8,2,1999.0,3,748,226,21,11,30,107,33,326,7,2006,755000
127217,1,4,1983,1965,77.0,101.0,47,978,443,1183,101,10,4178,0,0,1,0,8,3,2,2,1900.0,0,500,203,54,133,0,112,24,984,8,2008,714084
25585,3,4,2002,1980,14.0,643.0,68,281,858,4296,390,19,2749,0,1,0,0,7,1,9,2,1946.0,4,261,312,9,44,21,48,42,412,9,2006,710457
38926,2,5,1979,2002,201.0,843.0,336,1,169,1814,848,3,4138,0,1,3,0,3,2,10,1,1975.0,3,397,234,31,79,41,8,9,103,5,2008,755000
175180,7,3,1980,1991,119.0,387.0,8,793,983,1234,645,23,5160,1,2,0,2,5,3,9,1,,2,872,139,75,39,3,13,30,127,9,2006,755000
186243,4,3,1891,1974,242.0,6.0,87,227,247,1873,21,21,1958,3,0,3,0,1,0,11,1,1972.0,0,164,232,68,117,9,54,60,760,8,2008,640552
20498,8,1,1944,1993,420.0,514.0,147,484,1067,2233,669,34,1842,0,2,1,2,4,1,11,0,1938.0,1,825,230,59,20,8,2,19,149,1,2007,755000
152130,6,7,1875,1961,265.0,1157.0,218,535,1813,3278,65,14,4444,3,1,0,0,1,2,2,1,1902.0,4,506,190,82,1,46,4,8,142,8,2008,755000
16554,10,1,1890,1975,98.0,1032.0,47,348,510,3578,156,40,5187,0,0,3,0,4,3,12,2,1915.0,0,168,10,80,8,37,25,10,18,8,2008,755000
45538,4,2,1973,1986,78.0,,196,118,582,848,452,34,337,2,2,3,1,6,2,14,1,1967.0,0,698,326,0,7,22,32,66,213,7,2009,624717
2552,5,4,1957,1997,279.0,177.0,30,353,765,1925,25,5,3781,1,1,2,1,6,0,12,0,1925.0,1,322,70,76,129,19,27,29,409,1,2008,755000
41064,9,4,1923,1982,89.0,,255,1157,1159,417,43,14,2914,3,2,3,2,8,3,8,2,2009.0,2,523,81,65,21,0,10,5,890,6,2006,755000
79009,7,5,1982,1977,169.0,54.0,99,736,490,4076,697,32,4125,3,1,0,1,2,3,14,3,1953.0,3,40,219,4,26,10,95,16,839,2,2010,755000
169813,10,2,1980,1958,38.0,500.0,199,964,809,2461,563,29,5415,1,1,0,0,3,2,10,1,1912.0,3,836,48,21,71,17,47,14,341,6,2006,755000
54982,9,4,1957,1961,306.0,177.0,333,13,665,1935,151,19,1494,3,0,3,2,8,1,6,1,1960.0,1,426,32,100,24,45,19,27,712,11,2009,755000
60794,7,1,1914,1954,176.0,,122,602,766,1556,350,54,1167,0,0,0,1,7,2,3,3,1919.0,1,346,221,40,51,24,7,22,584,2,2006,675071
82617,1,2,1913,2003,477.0,815.0,174,535,1165,4663,5,30,2332,3,0,1,0,6,0,9,2,1982.0,3,547,150,66,21,10,83,5,160,2,2007,645690
66515,8,1,1961,2001,213.0,612.0,292,543,1275,2176,1076,6,1536,0,1,1,1,7,2,10,1,1926.0,2,721,72,37,69,9,50,14,603,7,2010,755000
79887,4,4,1986,2003,137.0,281.0,127,722,261,2625,686,2,2509,3,2,0,1,8,2,8,0,1901.0,2,452,139,43,70,55,22,45,81,11,2010,700679
8249,3,4,1897,1977,114.0,792.0,296,558,1163,1923,869,11,1715,2,0,3,1,3,3,13,2,1909.0,0,713,63,26,146,10,54,13,439,10,2009,687605
56693,7,7,1914,2005,124.0,602.0,91,24,2572,3230,402,3,4507,3,0,1,1,4,1,14,1,1959.0,1,493,227,72,44,32,22,14,692,1,2010,755000
205925,3,9,1948,1984,53.0,611.0,242,745,1772,342,159,12,3122,3,0,3,0,8,1,6,2,1988.0,1,522,122,57,101,2,50,13,832,5,2008,755000
139313,8,9,2008,1954,,171.0,77,836,679,1048,662,27,3155,0,0,0,1,6,1,9,1,1918.0,1,299,61,61,6,26,64,10,202,1,2009,755000
27234,6,5,1891,1983,269.0,325.0,211,1027,1065,2261,812,43,4511,1,1,2,2,3,1,7,3,1914.0,3,764,27,23,31,41,131,93,731,9,2007,755000
155758,5,1,1910,1995,11.0,389.0,87,1045,983,443,108,6,675,2,2,1,2,5,2,13,1,2002.0,3,667,135,112,58,1,121,24,26,5,2010,662032
194258,4,1,1883,1983,344.0,746.0,42,690,1229,599,14,44,1695,1,1,0,1,0,3,5,2,1946.0,3,637,79,39,105,2,35,13,41,5,2010,676806
77045,8,6,1882,1962,28.0,0.0,267,42,788,3557,308,44,4525,0,1,1,2,0,3,2,1,1923.0,2,766,314,110,56,5,51,28,482,4,2009,755000
95756,8,2,1913,1988,296.0,51.0,195,111,865,1288,4,39,4950,2,1,3,1,8,1,7,1,1915.0,3,237,21,65,25,42,79,30,556,3,2010,755000
54713,1,8,1882,1991,359.0,46.0,112,409,634,1683,567,7,1329,3,0,2,0,7,2,9,2,1980.0,0,517,248,41,98,20,6,42,621,8,2010,561820
189172,9,9,1909,1994,6.0,1120.0,101,867,1547,1908,61,9,690,1,2,2,0,0,1,4,1,,3,777,180,55,13,52,9,33,698,7,2007,755000
98539,5,4,1969,1997,276.0,132.0,212,842,1155,2557,672,5,519,1,1,0,2,1,1,13,1,1979.0,2,491,122,39,206,4,32,61,86,9,2007,673958
43618,4,5,1890,2007,165.0,776.0,92,609,1159,4165,1086,32,2027,1,1,1,2,3,3,8,2,1981.0,1,536,126,0,46,15,180,4,343,6,2009,675870
202545,6,8,2005,1963,,390.0,301,485,1609,3589,309,34,2924,3,1,2,1,0,3,14,3,1948.0,0,529,188,79,2,14,8,48,446,1,2010,755000
71690,6,3,1987,1960,344.0,68.0,29,1261,1616,1392,293,4,1676,0,0,1,1,1,1,13,0,1903.0,2,618,14,4,131,49,23,15,260,5,2006,743667
184701,2,5,1984,1991,203.0,4.0,48,729,1522,2291,519,18,2025,3,0,3,1,4,2,8,0,1965.0,4,19,577,31,15,24,95,2,654,5,2009,652012
44388,8,3,1936,1987,581.0,148.0,90,465,1601,3481,70,45,1416,3,1,3,0,7,1,10,0,1948.0,1,529,121,30,16,38,110,32,254,7,2007,755000
104496,7,3,1970,1953,214.0,370.0,237,241,1781,2853,41,11,2391,0,0,0,1,5,3,2,0,,3,599,151,48,1,14,8,31,838,10,2006,755000
172183,1,3,1943,2002,26.0,640.0,66,96,516,3987,52,25,3238,0,2,2,0,5,3,6,0,1965.0,2,598,197,71,47,8,23,11,276,1,2010,722205
56779,5,7,1923,1982,668.0,211.0,5,57,850,2904,158,55,3529,3,0,2,2,3,2,9,0,1953.0,4,900,53,191,54,40,52,3,839,1,2009,755000
21263,6,7,1989,1956,426.0,196.0,206,96,1354,3261,659,19,4785,0,1,1,0,1,1,14,2,1901.0,2,353,36,67,93,26,23,3,389,6,2009,755000
56423,4,7,1991,2005,220.0,47.0,145,612,557,4221,101,86,3751,1,2,3,2,2,1,14,2,1960.0,3,911,21,12,11,19,51,39,190,6,2007,755000
127211,2,8,1878,1990,56.0,77.0,0,492,818,1221,744,52,2714,2,0,2,0,5,0,4,2,,2,409,176,37,36,1,53,28,86,9,2008,681066
103768,4,5,1882,1957,107.0,111.0,54,369,1097,1078,511,11,350,0,1,0,0,5,1,6,1,1959.0,4,162,25,32,13,30,34,3,1071,3,2008,539807
74777,1,5,1974,1986,,795.0,269,794,884,3848,290,19,657,2,2,0,1,4,2,2,3,1942.0,2,876,18,49,86,11,12,10,187,12,2008,595462
15688,7,4,1932,2000,214.0,188.0,117,1223,1033,3264,623,5,2404,1,2,2,2,5,3,10,3,,0,763,130,126,155,30,10,79,599,5,2009,755000
6869,2,7,1939,1959,212.0,223.0,18,170,427,3013,77,5,1264,0,2,0,0,5,0,5,0,1997.0,0,534,75,136,38,4,63,25,58,5,2007,591071
71136,2,4,1973,1992,225.0,133.0,175,230,981,509,12,42,4888,3,0,2,0,0,2,6,0,1939.0,3,353,57,89,125,7,12,8,1544,1,2007,755000
105873,9,2,1981,2006,27.0,273.0,228,386,1067,899,585,18,4986,3,2,2,2,5,2,4,2,1995.0,4,447,38,105,81,0,170,17,210,6,2008,755000
168958,5,4,1922,1964,70.0,548.0,21,489,1807,3551,578,45,1778,1,0,2,0,4,0,3,3,1984.0,4,563,15,52,30,7,51,50,479,4,2006,712583
144387,2,8,1988,1987,264.0,205.0,54,448,865,4691,305,21,4370,0,1,2,2,7,1,13,1,1929.0,4,846,4,115,181,11,18,4,207,12,2008,755000
46302,9,9,1917,1964,74.0,472.0,149,857,674,1728,536,29,736,3,0,1,2,8,0,8,1,1962.0,4,170,162,25,26,20,24,22,296,6,2009,696110
138626,9,3,1924,1954,371.0,967.0,163,465,1356,1554,824,1,3736,0,0,2,2,5,2,12,2,1923.0,4,447,60,10,158,3,86,22,906,8,2006,755000
149516,1,7,1959,1978,210.0,72.0,145,264,587,1281,906,33,4886,2,1,0,0,3,1,6,0,1943.0,1,434,109,88,3,19,46,0,298,8,2007,755000
156586,3,9,1992,1968,391.0,,4,577,841,918,247,6,1840,3,0,3,0,2,3,12,3,1913.0,2,378,308,19,94,58,49,19,277,3,2010,686034
213091,4,4,1884,2003,318.0,656.0,130,722,743,3196,608,2,1855,1,0,1,1,0,0,11,1,1927.0,4,338,330,183,63,15,63,6,395,9,2006,675663
204146,7,3,1960,2000,41.0,998.0,98,147,1130,1954,21,24,3432,3,1,3,2,6,2,4,0,1913.0,0,901,389,113,126,28,25,13,283,11,2007,755000
138462,10,5,1996,1959,29.0,96.0,52,902,1623,3689,122,27,2778,1,2,3,0,4,1,3,3,1955.0,2,299,129,8,275,14,39,26,525,4,2006,755000
144009,4,1,1989,1961,266.0,280.0,16,1022,1775,2683,847,41,2521,1,1,3,0,3,2,11,1,2007.0,3,533,81,34,149,20,6,31,6,1,2008,755000
154787,2,3,1925,2003,57.0,399.0,129,718,1123,3525,284,4,2902,2,2,3,2,8,1,7,0,1933.0,3,205,185,35,51,38,31,39,364,9,2006,711588
25371,7,8,1987,1953,47.0,358.0,94,126,224,3541,363,52,3127,2,0,3,2,6,1,11,1,1977.0,4,717,36,3,126,19,14,3,308,5,2006,755000
59543,6,8,1989,1980,95.0,680.0,133,369,742,2910,113,11,425,1,1,0,2,7,0,7,0,1988.0,1,376,210,102,41,2,28,15,324,8,2006,645130
127127,3,4,1875,1967,326.0,619.0,304,973,797,865,469,36,5281,3,2,2,1,3,3,4,0,1911.0,1,50,65,11,90,17,2,21,225,7,2009,755000
109515,6,2,1946,1965,189.0,386.0,337,108,1183,1565,601,29,5274,1,0,0,1,7,1,14,0,1955.0,2,743,131,38,32,63,2,31,731,5,2009,755000
173612,6,8,1920,1989,36.0,819.0,79,751,1028,2327,589,2,5096,0,0,1,1,3,2,10,3,1960.0,1,361,19,5,63,2,24,14,188,8,2008,755000
102870,5,8,1878,1985,195.0,127.0,351,479,655,2031,184,12,2087,0,0,0,2,0,1,2,2,2004.0,3,827,234,9,11,24,1,14,548,1,2010,712644
165806,4,4,1981,1974,60.0,484.0,106,564,374,3704,699,7,5388,3,2,1,0,7,3,4,0,1960.0,4,772,57,94,21,18,105,59,94,11,2009,755000
71024,10,3,1993,1972,60.0,86.0,121,165,565,1879,99,42,5418,3,2,2,2,0,2,14,0,,0,472,5,89,70,56,0,8,428,4,2010,755000
116659,1,2,1882,1961,222.0,383.0,184,632,547,3499,289,47,5226,2,2,3,0,2,1,2,1,1919.0,3,599,39,22,64,2,71,22,962,5,2009,755000
76997,10,9,1963,1983,286.0,184.0,21,603,1810,1771,347,7,421,0,0,2,1,6,1,8,1,1941.0,3,523,35,118,31,0,46,24,195,4,2007,739779
30032,6,1,1894,1985,144.0,46.0,166,103,615,704,228,18,1975,1,2,0,1,2,0,3,3,1906.0,2,149,174,82,92,40,29,9,245,6,2007,705346
122765,2,7,1899,1986,161.0,1083.0,10,498,1030,950,101,46,3296,1,1,0,1,7,3,12,2,1978.0,1,855,109,52,81,34,32,6,422,9,2006,703963
143686,3,5,1982,1952,197.0,329.0,143,745,1484,4500,120,31,2476,0,2,2,0,4,1,12,1,1972.0,0,436,56,104,77,18,16,24,214,12,2010,723356
156326,8,8,1928,1958,115.0,313.0,138,345,1097,4348,323,24,884,0,2,2,0,2,3,13,3,1967.0,0,505,11,137,68,16,19,2,624,1,2006,738001
58408,10,4,1897,2010,3.0,730.0,49,479,456,4513,630,43,2780,2,0,0,2,4,1,5,3,1930.0,1,509,111,73,29,10,118,1,256,10,2006,755000
112495,6,7,1925,2002,,,184,454,1492,2590,617,19,5507,0,1,2,2,4,2,5,3,,4,443,121,62,103,5,78,24,1068,11,2009,755000
104381,3,5,1900,1967,131.0,470.0,177,1086,1177,4688,634,5,2285,2,1,1,2,7,3,14,0,1969.0,1,659,53,79,7,23,17,8,81,2,2009,699284
37968,7,5,1968,1992,66.0,493.0,28,362,92,3644,571,32,2624,3,1,1,1,8,2,9,2,1991.0,4,475,92,62,85,0,19,1,541,1,2006,750423
24361,4,9,1885,1984,,415.0,178,1071,1622,1265,382,31,5563,3,2,0,2,5,3,12,2,1975.0,0,371,183,75,31,4,48,10,1056,7,2009,755000
80552,9,9,1949,2006,94.0,822.0,78,175,1436,2663,75,4,4171,0,0,0,1,2,2,5,2,1946.0,2,396,44,65,54,3,48,58,294,2,2007,755000
41049,5,9,1906,2004,64.0,572.0,61,35,1169,727,52,30,957,0,2,2,0,1,1,4,0,1950.0,3,915,63,13,123,11,31,27,916,9,2007,690216
131860,3,6,1901,1983,189.0,169.0,71,497,1817,2799,275,48,4091,0,0,2,1,2,2,11,0,1957.0,0,514,289,0,31,41,97,42,268,8,2010,755000
105980,2,6,1963,1990,87.0,846.0,251,170,1425,3611,392,30,5130,0,1,3,1,8,2,13,1,1921.0,0,906,184,91,6,14,2,24,768,10,2007,755000
149279,2,5,1888,1963,72.0,215.0,115,631,1563,2263,451,19,3626,1,2,1,1,6,1,4,1,1923.0,0,260,27,19,129,3,86,1,518,1,2006,710555
151149,3,9,1964,1953,211.0,239.0,244,350,1518,959,221,23,4166,1,0,0,0,8,3,6,1,1933.0,3,338,104,56,47,18,1,29,70,3,2008,755000
53045,2,8,1950,1978,70.0,238.0,101,1089,1378,3213,709,31,2945,3,2,0,0,5,2,7,3,1962.0,4,379,36,91,117,19,146,15,1275,6,2009,720959
109764,4,7,1981,1990,294.0,319.0,213,323,104,3500,101,21,495,1,0,0,2,7,0,8,2,,2,479,58,43,55,6,11,68,870,11,2006,619419
93165,2,7,1973,1994,181.0,441.0,301,535,164,3756,173,51,2326,0,1,0,2,8,0,14,0,1918.0,2,321,192,97,50,30,25,34,345,3,2009,680431
113728,10,6,1977,1999,10.0,782.0,59,738,1425,2443,1122,20,2416,2,2,3,2,2,2,6,1,1923.0,2,467,339,64,43,56,1,11,1127,9,2010,755000
214190,9,5,1918,1964,215.0,656.0,398,882,1615,1499,323,40,3347,3,1,1,0,6,2,8,3,1963.0,4,550,225,35,15,48,119,14,13,12,2006,755000
24924,2,4,1935,1977,339.0,431.0,78,1091,647,3115,596,15,370,0,2,3,0,8,2,5,0,1919.0,1,751,126,23,42,58,1,1,14,10,2006,575431
24621,9,3,1935,1991,189.0,804.0,45,406,443,2225,554,39,1179,1,2,1,0,1,3,6,3,1997.0,1,164,42,71,42,0,35,14,497,10,2006,721007
142860,6,3,1958,1965,233.0,405.0,147,340,1131,3516,424,12,3210,2,0,0,0,6,1,7,3,2010.0,2,732,309,5,119,13,29,19,666,2,2010,755000
23874,1,6,1878,1961,65.0,116.0,58,265,273,1973,133,28,5630,2,0,1,0,4,0,10,3,1926.0,0,684,325,112,5,16,91,18,144,6,2006,755000
137612,4,4,1893,2001,,203.0,61,1316,915,1115,82,41,3680,1,0,0,1,7,0,7,2,1957.0,0,256,9,41,2,29,6,19,780,2,2009,755000
175593,1,6,1952,1954,16.0,911.0,142,644,822,2390,508,4,4388,0,1,3,2,3,3,11,0,1943.0,3,302,215,89,134,25,37,1,423,3,2008,755000
142850,6,3,1945,1983,167.0,,103,800,887,2657,356,9,4534,2,1,1,1,0,2,12,0,,1,589,231,138,23,24,2,23,240,12,2006,755000
188017,4,4,2009,1991,613.0,319.0,37,722,1942,2608,420,2,669,2,2,2,2,7,2,2,3,1964.0,0,342,226,53,114,2,68,24,547,10,2010,661104
151634,3,9,2006,1950,207.0,1592.0,78,519,683,2567,280,18,3431,1,0,1,1,5,1,13,2,1945.0,2,842,119,99,189,3,151,5,390,12,2010,755000
120131,3,5,1996,1988,15.0,583.0,163,640,1026,2972,357,18,2677,2,1,0,0,7,1,12,3,1999.0,3,498,237,118,68,16,104,15,44,9,2006,720357
185168,9,7,1921,1981,15.0,316.0,41,276,343,3621,182,7,1894,2,2,2,2,2,0,8,1,1953.0,1,197,18,45,137,0,21,13,384,9,2010,741613
136804,6,2,1923,1975,85.0,273.0,127,379,1470,2814,182,9,5315,2,1,0,1,7,1,12,0,2006.0,3,220,76,4,94,31,97,4,922,2,2007,755000
96557,9,5,1872,1966,270.0,1046.0,80,119,910,2950,40,2,4498,3,2,2,2,7,0,14,0,1938.0,0,127,72,64,157,6,33,3,162,8,2010,755000
65591,5,9,1875,1997,129.0,885.0,51,1122,1589,689,566,13,4580,0,0,2,0,0,3,12,2,2008.0,2,473,2,73,4,36,88,34,724,3,2008,755000
211476,2,3,2003,2008,29.0,673.0,216,724,228,3680,316,36,995,0,2,1,0,3,2,4,0,2009.0,2,485,45,12,76,2,46,34,627,2,2007,591852
191771,8,9,1875,1976,30.0,399.0,142,1290,970,3856,44,13,5186,1,2,1,2,6,2,7,0,1906.0,2,628,111,28,47,56,9,22,1651,11,2009,755000
128900,5,6,1872,1973,130.0,628.0,233,1418,1066,2801,236,23,4073,0,0,2,2,0,0,3,0,1953.0,0,815,51,76,152,17,25,36,125,10,2007,755000
212086,2,4,1942,1984,108.0,340.0,6,61,1455,497,115,5,3517,2,0,2,0,2,2,13,2,1942.0,4,503,154,74,67,0,11,22,168,8,2008,755000
51728,4,7,1906,1995,190.0,10.0,123,894,679,3968,168,19,1819,0,2,2,0,2,3,8,3,1919.0,2,816,224,13,94,12,32,15,691,3,2007,678454
132674,9,8,1879,1991,283.0,782.0,70,43,1393,3997,533,36,2743,3,1,0,0,5,1,2,0,1983.0,4,317,133,138,83,0,8,41,148,8,2006,755000
214930,4,6,1907,2003,645.0,,142,570,736,3588,232,61,4632,2,0,1,1,4,3,14,3,1924.0,2,131,189,56,71,14,6,28,977,6,2010,755000
132427,4,5,1994,1988,192.0,608.0,67,625,1046,3715,275,41,2868,2,2,0,2,6,2,3,2,1942.0,4,698,150,56,24,47,12,8,762,1,2006,723436
112617,2,6,1914,1975,237.0,351.0,30,14,1460,2398,0,3,337,3,0,1,0,2,3,10,3,1984.0,1,681,62,31,107,38,34,45,19,2,2006,595513
141089,6,5,1898,1998,119.0,,25,204,535,4599,232,39,5582,3,0,3,2,0,2,10,1,1972.0,1,563,105,37,98,27,33,15,367,2,2006,755000
128749,2,8,1903,1987,268.0,394.0,213,644,1370,4318,1046,21,3431,0,1,0,1,2,0,8,0,1926.0,2,670,8,69,23,18,6,7,525,7,2007,728805
29999,7,1,1949,1972,349.0,362.0,154,570,1167,4221,801,13,3182,0,0,1,1,7,1,3,2,1991.0,3,77,145,103,37,10,17,8,354,6,2009,755000
74986,3,7,1992,1971,,411.0,110,92,833,673,60,21,5406,0,2,2,0,4,1,6,2,1924.0,3,382,58,41,3,0,74,41,296,2,2010,755000
68961,3,2,1887,1953,259.0,1584.0,63,220,665,4115,184,28,360,3,2,2,2,2,2,5,3,1935.0,0,779,62,9,11,65,47,3,500,1,2007,612356
45547,5,9,1970,1998,239.0,720.0,32,96,50,3924,508,21,5495,0,0,1,1,7,2,3,0,1997.0,1,435,4,64,25,14,55,37,394,5,2006,755000
149120,3,1,1918,2008,55.0,1434.0,3,18,959,2267,336,57,1298,1,0,2,2,5,1,3,2,1965.0,1,662,51,42,110,21,41,9,696,11,2008,648115
106413,2,6,1902,1958,115.0,396.0,209,351,833,1979,151,29,3430,0,1,2,2,2,3,11,1,1908.0,3,1150,75,96,13,5,21,23,315,2,2008,755000
5921,10,9,1875,1953,,276.0,195,894,1319,4562,286,40,405,3,1,3,0,4,3,9,3,1982.0,2,755,77,1,0,20,17,35,19,10,2006,747225
147406,9,1,1888,1956,328.0,29.0,47,945,1268,3021,254,6,3281,3,1,3,1,0,3,6,1,1978.0,0,409,154,127,1,10,58,0,250,10,2009,755000
137498,2,4,1910,1972,36.0,1041.0,64,1233,1535,2460,432,19,2649,1,2,3,1,5,1,9,1,1952.0,1,58,46,11,75,2,14,3,69,6,2010,682678
137494,2,4,1919,1951,207.0,37.0,124,669,1553,972,571,25,4231,2,1,0,1,8,0,3,3,1920.0,0,678,252,24,40,67,14,26,872,2,2007,755000
19330,8,9,1910,1998,138.0,1123.0,114,575,2577,1558,411,4,4824,1,2,3,2,6,2,3,1,1949.0,1,5,413,116,37,3,22,25,97,11,2009,755000
84138,9,5,2003,1973,318.0,6.0,113,698,1256,4039,132,25,5298,3,1,3,1,7,2,12,3,1915.0,4,302,65,82,55,15,10,37,422,9,2008,755000
86017,7,5,1901,1989,247.0,754.0,116,694,569,4244,429,18,2745,2,2,3,1,5,1,12,3,1965.0,4,314,392,173,38,48,14,24,556,12,2006,755000
188030,3,6,1893,2004,86.0,236.0,125,146,1413,4579,554,25,450,1,0,1,2,4,0,4,2,1925.0,0,469,171,106,79,17,21,56,480,5,2007,590948
39938,9,1,1937,1980,121.0,223.0,225,1255,1802,1883,129,25,2545,1,2,2,1,5,1,12,2,1943.0,3,568,114,128,7,17,11,46,188,7,2009,755000
68367,3,1,1979,1996,273.0,408.0,276,272,1237,4479,438,43,3258,2,0,1,1,6,3,11,1,1928.0,3,284,80,25,31,3,7,53,161,4,2009,745765
119333,5,9,1883,1980,26.0,161.0,172,959,62,1839,773,18,3171,1,2,3,2,8,3,9,1,1996.0,1,763,203,129,93,1,15,21,177,12,2009,755000
107277,9,3,1907,1996,34.0,332.0,45,522,1277,1709,335,1,910,2,2,0,1,7,2,9,1,1997.0,4,854,22,49,44,16,5,37,237,2,2007,741688
90169,3,4,1889,1989,134.0,334.0,172,64,685,1001,809,2,1105,0,0,1,0,4,2,4,1,1945.0,4,439,78,99,42,28,44,9,385,3,2010,618468
106486,7,1,1961,1997,75.0,722.0,280,712,339,2708,1128,3,533,2,2,3,2,6,2,2,1,1990.0,0,767,221,75,10,26,54,53,89,5,2007,696883
35974,1,9,1872,2000,188.0,434.0,111,452,1093,4424,108,19,2089,1,2,0,1,7,2,8,2,1970.0,0,327,346,81,82,3,140,34,362,1,2006,606834
168226,4,8,1998,1992,373.0,174.0,36,226,237,1349,1275,40,513,0,1,0,0,0,3,5,1,1948.0,3,240,122,25,218,19,16,7,175,12,2007,565278
47571,4,2,1961,1983,392.0,901.0,39,52,1511,669,450,33,2739,3,0,0,2,7,3,4,1,1914.0,3,770,127,68,4,28,73,19,97,4,2009,748406
74988,7,8,1958,2004,,624.0,81,86,1365,414,218,35,3657,3,0,2,1,6,0,6,0,1916.0,3,566,234,52,36,22,43,32,237,4,2010,755000
170890,8,7,1961,1973,150.0,908.0,270,255,956,2468,373,50,5082,3,1,0,2,1,2,13,3,1908.0,2,598,107,123,48,63,22,2,87,2,2010,755000
112376,1,6,2005,1998,352.0,703.0,77,345,724,2133,16,10,5107,1,1,3,0,1,1,7,3,1976.0,4,960,270,73,12,0,42,3,175,9,2006,755000
142639,5,1,1941,2009,131.0,33.0,57,15,907,591,324,44,2635,0,0,1,2,5,0,2,2,1931.0,4,666,444,45,111,6,35,20,1061,6,2006,755000
2362,7,7,1915,1975,16.0,664.0,1,515,494,518,1104,23,3322,2,0,1,1,2,0,13,3,1965.0,0,1100,306,41,71,11,4,16,924,9,2008,755000
51748,4,7,1957,1965,107.0,440.0,70,72,961,456,59,22,1936,3,0,3,0,0,3,13,1,1958.0,4,523,3,82,1,1,158,29,172,6,2008,693308
96762,4,9,1890,2006,378.0,1307.0,50,644,422,3848,513,51,1453,3,1,2,2,7,2,10,3,1931.0,0,877,215,127,61,32,81,1,188,2,2008,657465
138601,4,1,1972,1996,110.0,720.0,445,992,1044,1728,12,37,2548,0,1,2,1,6,0,7,2,2010.0,2,487,10,70,47,6,80,38,72,1,2007,743194
189165,6,2,1966,1962,33.0,,273,615,1057,2686,232,9,5394,0,2,0,1,3,2,4,3,1983.0,3,211,56,29,3,10,78,10,159,4,2010,755000
49215,7,9,1972,1964,129.0,667.0,187,462,1422,3553,1090,0,2245,0,1,3,0,0,3,2,3,1942.0,2,708,336,81,3,31,19,28,11,1,2006,755000
5932,2,9,1901,1976,231.0,587.0,85,286,1149,1642,510,35,3235,1,2,0,0,1,0,14,0,1982.0,3,490,59,29,72,12,113,7,47,8,2008,700588
105892,5,6,1904,1953,207.0,576.0,66,1078,1488,4278,598,74,1419,0,2,0,2,8,0,10,0,2009.0,3,1018,30,85,32,25,4,24,435,11,2006,699481
135968,4,6,1883,1965,210.0,293.0,135,422,1273,2275,328,12,507,2,1,3,1,3,1,3,1,1990.0,0,640,261,110,20,28,125,8,393,1,2008,628532
111079,3,4,1989,1979,65.0,,155,1496,1518,824,1378,33,3866,2,1,2,0,2,3,11,3,1999.0,3,737,38,119,12,6,6,32,257,5,2007,755000
138540,7,4,1965,1993,254.0,779.0,23,26,2310,1388,79,1,5053,3,1,2,1,7,1,7,1,1958.0,2,107,197,23,269,27,81,20,680,9,2007,755000
109399,6,5,2008,1979,105.0,824.0,60,615,1210,1035,331,6,1572,2,1,1,2,3,3,7,3,1929.0,1,681,133,42,22,18,25,13,160,1,2009,755000
8861,7,3,1947,1985,42.0,775.0,83,1065,1092,3268,974,13,3644,0,0,3,0,6,1,13,1,1910.0,0,482,1,5,56,18,19,52,58,4,2006,755000
206166,5,1,1900,1952,,1003.0,353,223,1593,1468,147,45,5168,2,1,0,2,4,3,4,1,1979.0,3,305,84,164,61,0,37,7,62,8,2009,755000
83452,6,1,1988,1971,,849.0,50,405,765,413,464,18,4147,3,2,3,2,4,3,12,3,1925.0,3,851,44,123,25,35,30,22,666,8,2007,755000
126336,5,7,1886,1998,214.0,651.0,16,750,940,1169,986,15,4150,1,2,0,0,5,0,7,0,1993.0,4,176,13,7,97,25,53,3,397,1,2007,755000
125349,7,1,1873,1971,100.0,57.0,161,655,1210,985,469,41,5104,2,0,1,2,3,1,3,2,,0,588,101,84,11,35,48,14,776,8,2006,755000
28034,2,1,1988,1999,63.0,57.0,16,723,1036,750,1192,47,2307,3,0,1,1,1,1,9,1,1933.0,0,346,15,12,37,21,131,27,85,11,2009,647071
138743,5,3,1889,2006,215.0,300.0,124,964,1033,4014,354,19,4116,3,1,1,0,5,1,14,2,1940.0,2,568,14,7,186,13,15,8,51,12,2009,755000
27369,6,4,1874,1999,72.0,418.0,11,361,1449,4200,16,88,2578,0,0,1,1,4,0,2,3,,1,430,124,16,67,1,45,35,467,3,2009,755000
212277,6,4,2006,2004,51.0,959.0,351,1074,151,1079,641,4,1991,3,1,0,2,2,2,7,1,1930.0,2,454,107,5,83,4,68,60,80,11,2006,706157
14210,5,2,1979,2009,143.0,711.0,22,188,2016,2336,420,33,746,2,1,2,0,3,3,2,3,1962.0,2,514,242,56,175,16,23,3,679,7,2006,706335
74779,10,1,1966,1998,296.0,13.0,86,930,1242,573,594,26,3744,3,0,0,1,2,1,10,1,1954.0,2,260,392,131,1,15,60,6,29,10,2006,755000
210107,7,3,1993,1961,443.0,322.0,113,958,799,3227,429,15,4426,3,0,1,1,2,3,14,0,1960.0,1,756,226,58,2,37,37,26,217,11,2010,755000
82564,10,4,1882,2004,,1.0,4,190,1814,2278,883,8,1716,0,2,2,1,3,0,14,1,1984.0,2,666,167,146,175,6,8,2,394,1,2007,755000
24575,8,3,1939,1970,292.0,80.0,460,80,1051,1189,293,7,1457,0,0,3,1,1,3,10,1,1935.0,0,253,113,34,30,44,61,16,281,5,2010,740557
73574,7,8,1994,2005,272.0,200.0,68,407,1064,3849,376,51,4663,2,0,0,1,3,0,7,1,1939.0,1,852,281,50,7,4,59,34,316,4,2010,755000
213821,5,1,1984,1953,314.0,21.0,310,661,892,2980,666,29,5515,3,0,3,2,1,2,7,3,1922.0,3,690,13,111,110,17,74,6,312,4,2007,755000
102076,1,2,1969,1980,135.0,91.0,224,365,1733,3528,567,51,4346,1,2,1,2,7,1,10,0,1925.0,4,525,33,61,16,29,32,11,260,12,2008,755000
192376,5,7,1964,1993,,945.0,7,700,995,2932,764,5,2577,3,1,3,2,4,0,6,3,,4,144,103,27,7,12,19,16,14,5,2008,755000
195353,10,4,1893,1980,276.0,645.0,49,1275,720,1687,292,15,2923,1,2,2,2,6,3,10,2,,0,338,243,123,11,46,21,3,599,3,2008,755000
186925,2,8,1998,2007,407.0,705.0,104,45,1499,2369,600,22,2112,2,0,2,2,3,0,6,0,1933.0,4,28,110,42,32,8,4,26,769,7,2006,684430
49747,5,3,2005,1972,138.0,386.0,30,281,1591,3214,770,61,1463,0,0,2,2,5,0,5,1,1985.0,4,544,258,108,45,5,42,24,249,2,2006,736079
166901,5,6,1896,2003,57.0,804.0,8,472,1803,1013,204,44,978,2,0,0,2,3,2,3,1,1927.0,4,711,25,91,137,16,96,46,284,1,2009,642895
127694,2,9,1956,2002,323.0,739.0,73,227,1316,820,51,12,3856,0,1,3,1,5,1,3,1,2006.0,3,319,10,60,21,33,9,0,76,6,2009,755000
77003,5,1,1926,1969,409.0,,161,307,1573,3954,434,20,1891,0,2,3,2,0,0,14,2,1948.0,4,501,199,51,41,9,66,39,184,12,2010,755000
77390,4,1,1966,1964,85.0,138.0,96,1006,870,3984,374,11,4835,3,2,3,1,5,0,2,2,1963.0,2,748,39,105,91,37,102,0,20,1,2009,755000
18560,1,8,1990,1972,76.0,223.0,28,451,1512,1772,0,36,3107,3,1,1,0,5,3,11,1,1970.0,0,344,184,93,23,25,62,26,843,11,2006,706846
113881,3,3,1880,1977,146.0,823.0,109,488,1371,4648,214,8,3119,0,2,0,2,1,0,4,1,1962.0,0,639,166,62,93,18,64,7,578,7,2010,755000
5112,1,5,1913,1965,446.0,193.0,132,325,1265,1818,487,4,2040,1,1,0,1,8,0,2,2,2003.0,0,1026,106,41,48,2,55,16,434,8,2009,637124
160396,5,1,1924,1986,112.0,115.0,16,484,221,1024,39,27,2935,1,1,3,0,5,1,14,3,1961.0,3,684,1,28,178,19,12,23,920,2,2009,755000
191028,4,5,1945,1970,155.0,185.0,123,607,805,1346,345,1,3977,3,2,0,0,6,1,7,0,1941.0,3,242,143,27,180,7,19,80,52,4,2008,755000
117448,7,6,1910,1964,21.0,1023.0,36,1613,977,2681,449,4,708,2,2,3,1,1,3,12,0,1923.0,4,493,23,5,82,18,58,0,208,7,2006,697426
159657,5,8,1993,1966,140.0,185.0,161,611,1265,4042,687,56,1946,1,1,3,1,1,0,14,2,1934.0,2,680,104,57,99,25,96,22,467,11,2010,755000
117721,10,3,1886,1999,148.0,531.0,97,965,2200,2256,1147,21,788,0,2,3,1,1,0,8,2,1976.0,4,624,342,55,41,3,3,16,91,6,2007,755000
2905,4,3,1994,1986,40.0,153.0,77,574,1429,971,394,18,4631,3,1,2,2,8,0,10,3,1954.0,0,231,276,16,76,29,59,73,83,2,2009,755000
203530,2,9,1982,1962,25.0,705.0,34,311,594,3342,129,10,1809,3,2,1,0,2,2,8,1,1948.0,2,609,13,41,51,59,36,11,223,4,2006,659785
73603,4,4,2002,1968,96.0,614.0,244,273,759,2567,963,2,1187,0,2,0,2,3,2,5,2,1976.0,0,446,130,29,100,2,78,17,300,3,2010,630165
159511,2,4,1954,1979,328.0,196.0,110,611,1694,2459,719,13,1057,2,2,1,2,0,3,5,3,1994.0,2,386,9,49,62,7,74,29,871,9,2006,593580
209521,8,7,1881,1994,66.0,507.0,148,789,737,3791,367,47,1725,0,2,2,2,0,2,9,2,1958.0,1,638,132,49,121,14,5,21,91,6,2006,736424
188510,3,2,1963,1967,7.0,273.0,20,584,1509,4623,394,60,2721,2,2,0,0,3,3,5,1,1982.0,3,940,47,98,27,1,26,4,136,12,2010,732019
77425,9,8,1900,1963,1.0,178.0,15,868,1058,3508,310,4,595,3,0,3,0,1,0,2,2,1992.0,3,313,8,110,66,28,43,4,713,2,2008,725465
146290,4,6,1906,1985,221.0,395.0,49,83,916,4022,364,49,876,2,0,1,0,7,2,10,1,,0,613,371,97,32,26,3,1,28,2,2008,640779
159818,6,3,1877,1985,72.0,1138.0,76,519,745,1733,259,6,884,0,2,2,1,3,1,4,3,2004.0,0,479,109,132,119,19,86,0,718,3,2009,658534
125340,10,9,1982,1969,345.0,527.0,91,1031,523,2668,89,35,4131,3,2,0,2,2,2,2,0,1984.0,1,652,22,81,36,11,7,3,762,5,2008,755000
145418,5,5,1909,2001,141.0,93.0,39,111,1269,1839,303,30,971,1,2,0,1,2,0,10,3,,4,526,229,51,99,14,95,1,616,12,2009,641658
157190,10,8,1948,1968,92.0,273.0,2,948,473,583,1002,13,498,3,1,1,1,5,1,12,0,1979.0,2,355,115,140,28,26,2,73,556,6,2009,705638
5624,1,7,1964,1994,166.0,,212,927,290,869,26,16,3139,0,0,1,2,5,3,12,3,1929.0,1,345,417,51,82,0,48,51,986,5,2010,650912
77623,9,8,1938,1993,81.0,98.0,99,5,1123,3866,191,17,954,0,1,0,0,5,0,14,0,1968.0,1,615,4,5,80,1,40,21,121,12,2006,717902
10411,1,7,2007,1956,477.0,,47,635,1514,3883,56,27,1557,3,0,0,2,5,1,11,3,,0,532,32,52,146,4,15,0,243,1,2007,628977
170482,8,3,1879,2006,73.0,190.0,52,563,151,791,762,1,3676,3,0,2,1,7,2,11,1,1959.0,0,655,97,37,87,22,39,35,445,1,2007,755000
17689,9,2,1993,1993,113.0,33.0,329,429,1501,3072,631,36,384,3,2,3,0,7,3,6,0,2004.0,4,100,4,37,130,34,52,30,695,7,2008,707230
123477,9,7,1955,2002,59.0,203.0,238,110,548,3703,211,7,822,2,2,3,0,8,2,13,0,1905.0,4,773,421,65,55,10,23,33,708,10,2010,755000
42727,1,3,2003,1953,87.0,246.0,196,394,1324,4469,507,16,5476,1,1,2,1,0,1,10,1,1984.0,0,853,237,21,24,1,84,0,79,7,2007,755000
211951,2,3,1956,2008,345.0,469.0,69,437,1289,4030,646,38,998,2,1,0,0,7,1,4,1,2005.0,3,537,194,144,9,10,16,39,429,10,2006,583773
161118,1,2,1916,1983,128.0,366.0,180,179,896,3745,235,24,1580,0,2,1,0,4,0,7,0,1910.0,4,665,407,77,14,10,31,15,314,6,2009,627543
124183,10,4,2007,1951,526.0,373.0,118,22,1014,4403,631,66,3044,3,2,1,2,2,3,12,0,1923.0,1,744,345,42,23,25,9,29,440,9,2009,755000
132489,2,8,1958,1954,351.0,502.0,113,129,801,3721,44,41,4695,2,0,0,2,2,3,13,0,1991.0,0,454,101,64,108,30,1,7,358,2,2010,755000
127108,10,1,1887,2004,82.0,,78,80,1131,3519,577,55,4502,2,0,2,1,5,1,12,2,1978.0,2,558,48,90,39,30,29,8,41,1,2008,755000
113521,8,1,1948,1959,78.0,1331.0,192,630,1127,3572,477,0,4286,0,2,0,1,7,0,13,3,2002.0,2,621,46,111,32,29,102,37,181,11,2006,755000
14534,5,5,1880,1981,426.0,467.0,167,864,538,594,85,1,2925,2,0,1,1,1,1,8,1,2009.0,3,369,8,82,32,16,36,51,541,6,2008,718438
54741,7,5,1931,1991,127.0,150.0,6,375,321,1581,51,2,1214,0,1,0,0,8,1,6,1,2003.0,0,534,57,120,22,23,73,6,877,6,2008,671537
2146,2,1,1949,1990,381.0,47.0,129,806,1504,3667,530,14,768,2,0,0,1,4,3,13,3,1950.0,1,4,13,94,108,35,74,0,660,9,2010,569956
12254,8,6,1948,1962,500.0,400.0,203,880,1102,3656,22,27,5518,1,2,2,2,4,2,9,1,2010.0,3,343,78,29,29,4,18,31,784,11,2009,755000
80539,6,1,1942,1988,59.0,225.0,34,465,1434,2907,743,33,2318,0,0,3,0,0,2,11,1,1918.0,1,866,273,66,71,26,19,29,337,10,2008,755000
47814,8,5,1886,1954,170.0,91.0,225,663,664,459,32,36,4786,1,2,1,1,5,3,7,0,1949.0,2,596,246,30,37,17,52,22,153,1,2008,755000
89536,1,9,1942,2007,296.0,376.0,87,410,587,1563,440,14,5365,2,0,1,0,4,0,13,1,1980.0,1,300,309,71,146,39,7,19,980,11,2006,755000
98879,1,5,1973,1959,253.0,382.0,3,50,494,3545,143,23,4447,1,1,0,0,6,3,7,2,1902.0,2,191,143,92,163,19,64,6,361,1,2009,709500
138841,7,6,1893,1959,252.0,1038.0,341,201,909,3467,302,5,4204,1,1,1,0,6,0,14,2,1902.0,4,1130,235,40,46,6,59,25,544,12,2008,755000
162477,8,8,1984,1987,166.0,33.0,101,630,1116,1640,19,42,2956,1,2,1,1,3,3,8,0,2002.0,2,324,156,64,121,14,23,33,90,12,2007,755000
43401,3,1,1872,1976,69.0,232.0,45,451,728,2435,228,43,2126,2,2,3,0,4,0,9,0,1991.0,2,375,67,13,79,32,48,46,286,10,2007,671064
65623,5,2,1881,2009,0.0,,192,794,1782,469,724,20,3132,0,2,1,0,7,1,13,1,1930.0,3,649,122,25,29,46,17,18,771,12,2009,755000
93222,1,9,1981,2000,342.0,531.0,139,254,678,2711,25,1,5425,2,0,1,0,1,1,14,0,2005.0,3,292,24,40,25,20,6,27,393,6,2009,755000
190439,7,3,1984,1970,147.0,31.0,152,158,1124,1793,64,33,3846,2,0,2,2,0,0,3,0,1946.0,0,594,76,8,71,3,5,11,604,5,2010,755000
181748,5,6,1921,1957,404.0,114.0,3,111,558,4565,271,28,5462,2,0,2,1,5,3,8,3,1907.0,0,507,42,131,14,18,45,24,303,11,2008,755000
177959,8,5,1883,1950,255.0,85.0,430,566,663,1146,817,6,1827,0,1,2,2,3,1,10,0,1916.0,2,206,13,83,103,7,26,22,46,6,2007,713855
169348,8,2,1960,1977,330.0,430.0,37,51,956,1185,20,30,3013,3,2,2,0,2,3,14,2,1998.0,4,512,268,93,15,16,44,19,1259,6,2007,755000
128834,9,7,1983,1998,85.0,812.0,75,628,583,2078,865,15,1959,2,0,2,0,6,2,2,1,1999.0,0,581,220,81,120,58,7,32,281,4,2009,755000
68884,7,4,1949,1988,114.0,1052.0,147,801,1044,2272,44,20,2753,2,1,3,2,7,1,14,0,1990.0,2,235,67,56,46,3,4,15,331,10,2009,755000
105837,1,1,1992,1963,,194.0,192,1106,1220,1204,143,6,3351,0,2,1,0,3,3,13,3,2003.0,3,630,97,34,197,32,47,6,295,8,2006,721524
79777,3,4,1894,1970,150.0,,88,1062,1546,968,453,34,2181,3,1,0,2,5,3,2,1,1944.0,0,674,21,117,33,49,38,5,191,5,2006,693745
43833,8,6,2005,1979,159.0,465.0,128,221,460,1002,542,20,3580,3,2,3,0,1,2,8,1,1996.0,0,244,144,180,101,47,52,39,8,6,2009,755000
3128,3,7,1896,1970,44.0,295.0,171,167,1083,1627,334,44,1872,3,0,0,0,7,3,14,1,1959.0,2,621,74,88,62,16,151,26,418,2,2006,651386
3217,8,7,1889,1998,127.0,233.0,64,247,969,3422,519,17,5583,3,1,2,0,5,0,6,3,1974.0,2,557,40,6,30,9,40,14,89,1,2009,755000
21918,1,7,1914,1958,,368.0,313,890,75,602,352,3,1650,0,1,1,0,8,1,2,2,1920.0,1,414,128,83,15,24,0,17,871,8,2009,581235
33554,5,3,1949,1966,,655.0,41,344,435,1194,296,0,2053,0,1,2,1,5,0,14,3,1969.0,1,435,102,6,109,3,26,15,372,6,2010,668815
106592,4,6,1899,1954,409.0,127.0,301,490,1237,815,413,29,2284,3,2,3,1,5,2,2,3,1920.0,4,598,36,14,7,4,40,4,615,9,2006,743351
48662,5,8,1930,2007,296.0,100.0,140,277,323,3624,1160,24,557,1,2,0,1,1,0,3,1,1957.0,0,352,224,112,51,13,12,41,482,5,2008,622662
21428,8,4,1934,2006,93.0,567.0,169,1132,963,3724,110,19,2360,0,1,1,2,4,3,12,3,1954.0,1,644,237,134,29,2,9,47,479,8,2008,755000
125081,10,8,1963,1980,176.0,326.0,28,94,61,1595,1121,64,1881,1,2,3,2,8,2,11,1,1927.0,2,299,12,65,94,16,41,8,231,7,2010,755000
191755,4,2,1927,2001,280.0,128.0,56,526,948,2666,640,24,4112,1,1,3,2,0,2,10,0,1980.0,0,317,568,82,26,7,62,1,267,11,2008,755000
66845,4,9,1982,2010,147.0,887.0,199,943,26,436,446,41,4057,3,0,1,2,3,0,13,0,1981.0,1,178,51,96,89,25,60,1,768,10,2008,755000
83480,3,9,2008,1989,108.0,448.0,10,1236,697,4128,521,32,1857,3,1,1,1,2,2,13,3,1974.0,4,70,182,76,119,2,30,2,730,1,2010,637838
89258,7,8,1939,1987,84.0,135.0,1,222,781,4668,978,16,5543,2,1,3,2,0,0,4,2,1945.0,4,537,174,108,73,7,38,4,266,7,2007,755000
142237,3,1,1917,1992,29.0,450.0,75,884,1061,3026,195,57,3037,1,2,0,2,0,0,10,1,1943.0,4,11,198,133,5,12,69,36,79,4,2010,686457
134591,3,2,1938,1968,118.0,667.0,158,247,873,4005,31,56,2306,2,2,0,2,0,0,7,3,1988.0,4,581,346,42,7,5,114,49,681,6,2010,650979
41109,10,6,2007,1985,20.0,849.0,71,1050,382,1215,1144,30,5525,3,2,3,0,0,2,14,3,1993.0,2,478,48,62,148,40,1,6,81,9,2006,755000
118048,5,5,1877,1999,374.0,44.0,313,1191,391,2569,163,31,4862,1,0,3,2,1,2,11,2,1924.0,4,971,96,9,54,5,55,22,482,9,2008,755000
6587,5,9,1895,1982,25.0,9.0,30,144,192,3368,288,18,4938,0,0,2,0,4,1,7,1,1970.0,3,651,153,85,103,9,47,20,378,9,2008,755000
166759,6,5,1965,1962,258.0,643.0,140,761,1103,2911,281,26,4937,2,0,2,2,1,0,8,3,1948.0,4,627,162,21,79,1,140,22,219,5,2007,755000
9812,8,2,1884,1963,231.0,656.0,63,945,1081,1009,222,14,950,3,2,0,2,3,0,11,2,2000.0,1,331,110,40,7,7,43,40,50,4,2010,682427
133714,10,4,1896,2005,67.0,137.0,20,382,1334,2773,75,18,4849,1,1,2,0,8,0,12,1,1945.0,0,358,150,207,5,12,13,27,242,6,2009,755000
195448,6,9,1989,1982,102.0,5.0,56,719,749,2015,626,56,5525,3,1,0,2,2,0,9,0,1990.0,1,394,16,112,57,37,144,14,87,10,2007,755000
110172,1,1,1953,1978,61.0,322.0,91,740,132,1610,552,45,4503,2,1,1,0,1,0,12,2,1989.0,0,491,417,85,31,25,84,17,662,5,2007,744052
151588,8,1,1982,1992,,409.0,8,1303,842,3581,424,18,2955,3,2,2,2,3,0,4,3,1962.0,2,353,129,196,52,0,59,11,473,12,2008,755000
94370,8,7,1953,1998,33.0,420.0,150,288,1005,3982,60,24,4575,3,2,0,2,8,0,9,0,1976.0,0,642,20,133,148,29,20,29,796,10,2008,755000
81067,9,3,1937,1985,250.0,143.0,32,477,417,1646,819,48,2427,0,0,0,0,3,1,7,1,1987.0,3,402,4,88,113,17,44,15,2,5,2008,755000
99129,9,2,1916,2007,299.0,416.0,20,0,465,1407,457,17,2098,3,2,3,1,4,1,7,2,1911.0,4,778,28,53,28,12,17,11,4,8,2008,755000
158986,2,9,1985,1993,83.0,113.0,176,505,1225,4433,307,1,3510,1,1,0,0,3,3,12,0,1977.0,1,294,23,44,86,13,39,40,143,10,2007,738398
168630,2,3,1934,1959,119.0,66.0,0,186,1050,1988,133,47,1466,1,0,2,1,7,0,4,0,1956.0,0,686,140,20,48,1,76,12,726,5,2010,625590
43378,3,2,1947,1980,458.0,395.0,17,398,1566,4081,481,12,4550,0,0,3,0,3,0,7,3,,1,982,154,83,57,1,41,20,557,1,2008,755000
107588,1,8,1985,1955,75.0,354.0,83,150,1861,4422,178,13,3904,1,2,3,1,1,1,12,0,1963.0,4,942,157,106,10,42,14,23,147,5,2006,755000
84824,4,6,1982,2006,191.0,,77,562,248,2227,358,29,1400,3,0,2,2,3,1,14,3,,2,285,191,57,77,14,32,6,17,5,2007,622495
13519,4,6,1906,1950,302.0,55.0,38,929,790,1619,292,82,2480,3,0,1,1,1,0,9,1,1903.0,4,788,153,3,54,11,10,40,253,5,2009,718532
1535,9,7,1924,1956,119.0,494.0,109,350,1061,868,646,64,1039,1,2,2,2,8,0,14,3,1953.0,2,55,416,110,91,21,100,15,346,12,2009,709394
44229,9,7,1897,2007,56.0,227.0,23,1072,1181,3781,475,20,2692,2,0,2,0,7,1,8,2,1982.0,1,110,225,66,13,19,21,8,330,3,2010,755000
128609,9,6,1885,1976,306.0,290.0,38,917,1507,1713,280,33,3868,3,1,3,1,8,1,11,0,1964.0,2,650,65,151,16,9,148,5,235,12,2007,755000
68744,10,4,1989,1970,222.0,585.0,24,1313,1364,979,307,22,4146,1,2,2,2,3,3,11,1,,2,609,95,16,35,25,65,31,258,12,2007,755000
140939,7,9,1916,1977,158.0,619.0,192,664,1569,357,133,10,2804,3,1,1,0,0,3,8,3,2008.0,2,650,79,135,10,0,32,19,1183,9,2007,755000
103134,2,6,1922,1965,45.0,621.0,19,475,1030,4458,886,18,4401,3,1,1,1,2,0,4,3,1905.0,2,378,93,59,65,8,38,1,161,5,2006,755000
203164,10,4,1990,2005,321.0,721.0,89,134,685,698,1484,32,3794,0,1,1,2,6,1,11,3,1964.0,2,221,121,5,0,22,14,3,307,12,2006,755000
197813,5,3,1890,1995,473.0,221.0,142,187,1974,2989,167,33,4102,1,1,3,1,0,3,4,1,1988.0,0,48,54,83,54,44,119,35,1202,2,2008,755000
85855,4,4,1953,1972,,598.0,217,416,1076,742,319,0,2268,3,0,2,1,7,0,6,1,1990.0,2,284,73,49,105,4,48,34,212,5,2009,712802
74998,8,3,1947,2001,7.0,1147.0,37,464,879,1648,706,21,2653,2,0,0,2,8,3,13,2,1921.0,2,662,111,74,110,9,11,124,256,9,2006,755000
125750,2,2,1963,1969,256.0,213.0,110,1439,463,552,703,48,3206,1,2,2,2,7,3,6,1,,4,715,92,19,16,17,70,32,1416,8,2009,693262
137787,6,5,1904,1987,19.0,952.0,12,417,1079,1873,371,27,5555,2,2,1,0,4,3,10,3,1958.0,4,574,34,105,58,17,124,61,153,6,2007,755000
168531,5,2,1899,2003,121.0,750.0,108,207,1502,3767,90,2,543,1,1,2,2,8,2,14,1,1928.0,4,549,74,12,55,9,49,9,141,9,2006,635779
45225,2,6,1994,1974,79.0,293.0,116,765,749,1936,1027,63,5168,2,1,3,2,3,0,10,3,1966.0,2,923,228,82,34,0,54,3,340,7,2009,755000
138323,10,3,1997,1977,28.0,326.0,28,742,933,3038,572,3,5475,2,2,2,1,8,3,11,2,1916.0,4,851,37,80,69,17,118,25,146,2,2006,755000
88688,1,6,1908,1954,120.0,447.0,229,316,1124,3982,388,7,3141,1,2,3,2,0,0,6,2,1901.0,0,735,258,15,10,7,4,22,399,1,2007,708238
9307,8,9,1970,2005,512.0,728.0,213,1351,1236,1439,10,0,4588,0,2,0,1,2,0,13,3,1931.0,1,788,120,60,21,50,13,1,501,3,2007,755000
174204,2,1,1969,1970,76.0,561.0,29,258,870,3745,323,31,4296,0,2,0,1,3,1,6,1,1921.0,4,587,31,19,81,4,116,12,14,11,2007,755000
59896,7,6,1998,1967,364.0,210.0,105,999,803,2822,425,35,5170,1,1,3,2,0,0,7,1,2002.0,4,619,55,36,13,16,33,40,738,4,2008,755000
122401,9,9,1951,1996,36.0,,153,383,744,950,596,11,2287,3,2,2,2,5,3,14,0,1996.0,0,306,86,127,63,15,5,9,83,9,2009,755000
162895,9,4,1909,1955,303.0,668.0,18,119,446,4655,693,25,2724,1,0,1,2,3,0,14,2,1957.0,3,594,118,41,77,20,74,1,170,5,2008,755000
90161,8,2,1948,2006,1.0,372.0,127,1460,614,2752,391,3,3859,1,1,3,2,3,1,9,2,1952.0,3,338,144,167,59,8,29,5,343,2,2010,755000
88040,10,4,1997,1978,335.0,146.0,62,794,601,361,84,29,5128,3,0,2,0,0,2,7,3,1985.0,0,810,35,56,44,5,16,18,101,10,2010,755000
16824,9,1,1958,1968,168.0,239.0,108,380,228,3389,480,7,3548,1,2,2,1,4,2,12,0,1946.0,4,656,91,176,0,2,71,28,133,5,2006,755000
151654,2,3,1925,1982,180.0,85.0,52,372,1496,349,614,11,2778,1,0,2,0,8,1,14,1,1903.0,1,393,194,165,159,1,52,53,69,2,2006,701132
156302,6,9,1887,1950,365.0,527.0,13,610,1179,3682,2,10,2917,3,2,1,0,5,3,14,3,1937.0,4,675,201,102,14,11,70,68,188,9,2006,755000
132449,4,5,1899,1994,107.0,281.0,57,315,1071,666,673,81,474,3,0,1,1,7,3,13,1,1912.0,0,780,34,56,80,12,78,32,758,6,2008,616378
126801,4,6,1917,1952,110.0,714.0,108,1019,1652,2495,509,50,4669,0,1,1,0,3,3,7,1,1960.0,0,282,62,18,116,57,59,32,173,12,2007,755000
21911,5,3,1943,1991,352.0,,96,535,1358,2419,190,2,625,2,0,3,2,8,0,10,1,1986.0,2,435,167,36,101,23,30,9,175,12,2006,650857
149356,3,5,1956,1970,275.0,135.0,111,907,605,4287,76,13,3198,2,1,3,2,6,2,2,0,1963.0,0,257,75,74,75,43,55,4,247,12,2006,748782
15360,1,8,1897,1984,212.0,401.0,101,583,1586,3123,228,35,4511,0,0,1,2,6,3,5,2,1976.0,2,490,41,139,42,7,1,29,647,5,2010,755000
44603,8,6,1956,1990,244.0,417.0,275,847,1486,4595,88,1,2941,0,0,3,2,7,2,11,2,1983.0,0,833,212,25,6,16,79,3,547,2,2007,755000
191579,5,4,1936,1989,136.0,677.0,35,1038,441,2586,404,13,4270,2,1,1,1,1,1,14,1,,2,500,43,209,13,34,26,9,1665,7,2008,755000
207418,3,2,2005,1952,220.0,34.0,46,1172,1451,578,523,27,3251,0,1,3,2,5,2,11,0,1997.0,2,645,100,7,22,57,43,2,441,7,2007,755000
161659,10,9,1986,1974,163.0,212.0,125,696,766,2228,767,22,2552,1,2,2,1,6,3,13,1,1937.0,4,363,104,42,109,15,13,40,297,2,2010,755000
41011,7,1,1935,1994,84.0,602.0,285,153,1498,1690,418,54,2131,0,1,1,1,2,2,3,1,1928.0,2,712,89,116,35,17,11,44,234,10,2008,755000
144326,7,1,1958,1987,410.0,479.0,174,430,831,1276,456,3,1310,0,1,3,1,7,1,10,3,1960.0,3,484,237,53,117,44,55,21,189,6,2009,733271
74640,1,4,1978,1994,300.0,553.0,84,489,733,3801,192,21,913,0,2,2,1,0,2,4,0,1931.0,0,690,143,188,41,11,63,12,27,10,2006,592657
204473,9,7,1967,2004,8.0,705.0,42,270,784,3526,49,5,2907,0,1,2,0,0,0,11,0,1910.0,1,716,131,18,11,0,29,32,217,10,2008,755000
203892,2,1,1948,1969,159.0,133.0,59,203,513,2079,128,27,2923,2,1,3,0,2,1,12,2,1917.0,0,236,21,56,13,4,89,10,332,3,2010,656634
104274,5,9,1958,2001,35.0,273.0,146,569,259,2691,871,20,3617,3,0,2,2,5,0,3,2,1944.0,4,329,105,127,15,14,45,19,233,8,2007,755000
150946,5,4,1928,1993,172.0,997.0,183,106,249,4213,553,9,2133,2,2,0,1,6,0,9,1,1920.0,4,397,54,9,88,7,26,73,651,5,2008,649093
141556,8,3,1974,1994,127.0,663.0,93,29,472,4111,462,31,1795,2,2,1,2,1,3,5,3,1911.0,2,943,79,128,173,14,46,32,112,8,2010,755000
151468,8,1,1962,1983,250.0,578.0,224,177,2315,2449,426,29,4751,3,0,1,2,5,3,12,3,,4,839,45,70,27,11,80,16,19,7,2008,755000
69028,7,4,1916,1970,69.0,796.0,89,692,1239,2601,425,29,4402,2,2,2,2,4,1,3,3,1919.0,4,525,161,20,71,28,116,28,177,11,2006,755000
166388,7,9,1959,2005,261.0,1121.0,196,636,1932,2601,231,3,3281,1,0,3,2,5,3,5,1,1906.0,0,1184,53,127,66,3,56,16,157,8,2007,755000
12546,6,6,1986,2004,14.0,407.0,74,370,840,1830,203,3,1047,3,1,0,1,0,2,8,2,1990.0,3,172,18,32,26,22,32,12,481,12,2007,662183
177930,6,6,1918,1997,58.0,,42,897,765,3130,158,1,2757,1,2,3,1,6,1,8,0,1970.0,3,441,207,122,67,11,36,15,583,1,2008,755000
150753,9,1,2006,1972,422.0,795.0,49,100,1858,1263,9,9,2224,2,1,1,0,7,3,2,1,1901.0,2,793,43,0,95,8,23,62,352,6,2010,755000
129096,6,2,1921,1955,135.0,325.0,77,652,1187,3658,633,8,3901,2,2,2,1,6,3,14,3,1942.0,4,511,21,49,23,6,1,15,151,11,2006,755000
168827,2,6,1955,2000,35.0,28.0,81,521,522,690,390,4,2012,3,1,0,1,8,2,13,3,1996.0,4,287,215,16,68,1,19,32,161,12,2006,642580
93563,2,2,1962,2002,251.0,183.0,75,203,1316,4644,77,54,2481,2,2,2,2,0,0,13,1,1920.0,3,599,31,37,47,1,78,25,859,3,2008,700499
136390,5,3,2005,1962,167.0,524.0,97,302,1625,4398,67,10,1251,0,2,0,1,8,2,2,3,1928.0,2,1168,166,57,11,29,5,11,234,5,2009,724022
12602,4,4,1962,1998,321.0,220.0,49,272,286,4175,499,24,2600,1,1,2,2,2,0,4,0,1931.0,4,291,26,79,7,8,66,41,385,2,2008,714779
68806,2,5,2008,1972,72.0,250.0,57,601,1232,4264,579,24,2858,1,0,3,1,1,3,3,1,1944.0,2,317,219,172,22,19,81,30,114,11,2006,706928
42457,3,9,1980,1958,220.0,10.0,1,737,319,1160,353,7,2140,0,2,1,0,5,0,4,0,1975.0,0,231,237,38,10,35,25,10,453,4,2007,666058
56217,7,4,1928,1966,209.0,974.0,132,329,1598,999,158,15,4385,3,0,2,2,4,0,5,2,,4,395,25,160,19,25,44,16,756,6,2008,755000
97946,8,9,1902,2010,23.0,262.0,207,215,1115,2362,134,28,893,3,0,2,1,3,3,8,3,2002.0,4,770,229,111,55,14,61,16,570,1,2008,724990
84422,6,3,1892,1951,100.0,115.0,136,554,1314,4025,1252,3,962,0,0,0,1,3,1,3,3,2007.0,4,891,57,39,149,14,22,17,614,2,2007,673074
25819,5,8,1961,1968,306.0,157.0,18,160,891,2916,184,50,3400,0,0,3,2,7,2,8,2,1958.0,3,183,297,64,60,12,99,12,10,2,2008,755000
189191,1,1,1911,1968,236.0,721.0,133,513,109,887,449,23,2245,1,0,3,0,2,3,6,2,2003.0,3,652,567,70,27,33,136,10,200,9,2010,630800
82210,8,9,1983,2005,21.0,629.0,246,1124,779,661,1148,12,4096,0,0,0,0,0,2,9,2,1902.0,4,693,156,111,48,27,65,3,238,11,2007,755000
121730,3,9,1916,1956,163.0,199.0,40,218,1464,1522,190,8,3885,0,2,3,1,4,2,9,3,1938.0,4,329,114,121,9,19,33,15,105,12,2007,755000
72624,6,2,1948,2003,351.0,412.0,248,429,1996,483,1033,45,2142,0,0,1,1,7,0,6,2,1950.0,0,685,172,46,106,43,83,47,427,5,2007,755000
6708,3,4,1958,1991,60.0,510.0,20,909,1141,3187,24,16,2720,2,2,2,1,2,3,11,1,1907.0,0,593,146,108,18,24,34,48,187,5,2006,722688
60679,7,8,1972,1991,38.0,118.0,260,801,656,2270,489,16,2229,0,2,0,2,1,1,9,2,2009.0,2,772,95,71,73,21,34,26,382,6,2008,755000
26353,7,7,1988,2008,277.0,216.0,123,524,1267,3070,68,29,4264,2,2,3,2,0,2,13,1,,2,56,8,70,120,22,87,0,693,10,2009,755000
141818,9,1,1963,1969,44.0,606.0,142,476,1419,1290,3,32,1340,1,1,1,2,3,2,10,1,1965.0,3,572,23,36,51,12,21,20,24,3,2008,755000
133294,5,5,1899,1958,247.0,140.0,145,5,1066,3582,368,14,382,1,0,1,1,1,1,8,0,1905.0,1,703,143,90,5,22,12,38,482,9,2008,652200
100023,8,7,1896,1966,77.0,576.0,370,696,1035,749,133,23,2184,3,1,3,0,7,2,7,1,1957.0,0,761,47,102,58,20,30,16,535,3,2006,755000
52656,10,4,1929,1976,297.0,528.0,107,37,1106,3788,696,25,2263,1,0,3,2,8,3,8,1,,2,701,65,52,11,22,28,17,436,4,2010,755000
12089,10,1,1912,1996,323.0,422.0,270,326,1021,2979,62,49,2466,3,1,0,0,0,1,8,2,1978.0,0,198,85,111,36,1,20,17,593,12,2010,755000
99020,8,9,2005,1951,346.0,229.0,80,903,1148,4108,149,11,1859,2,2,3,1,1,3,4,3,2010.0,0,856,190,3,49,14,32,4,347,9,2006,755000
67956,1,5,1946,1985,,146.0,106,654,1913,418,848,10,662,0,1,0,2,5,1,7,2,1953.0,1,686,184,45,79,1,12,6,298,10,2006,562260
45328,5,2,1909,1968,,55.0,138,851,16,2269,0,19,2991,1,2,2,2,6,2,7,0,1975.0,0,504,102,68,27,42,61,27,342,8,2006,746385
65784,3,8,2005,1966,0.0,154.0,125,205,880,1750,547,21,4863,0,1,1,2,1,1,12,0,1940.0,1,508,208,24,64,12,39,17,20,6,2008,755000
33454,1,2,1946,1954,242.0,627.0,171,686,533,1404,382,12,921,3,0,0,1,7,3,10,3,1947.0,1,940,17,23,204,18,57,27,459,8,2006,546187
3636,4,3,1937,1988,56.0,959.0,113,324,1590,3746,86,40,3539,2,0,1,1,8,1,2,1,1995.0,0,678,21,15,117,16,50,56,338,1,2009,755000
104977,8,1,1874,1967,519.0,,315,369,929,1855,214,38,1932,1,1,2,1,7,2,14,0,1969.0,0,538,141,73,25,21,19,19,148,4,2007,755000
69079,3,2,1988,2002,119.0,458.0,149,889,1279,1835,783,24,4185,0,1,3,0,8,0,8,3,1926.0,2,287,223,171,34,14,61,72,1020,10,2010,755000
20329,10,7,1970,2003,217.0,,55,440,1713,4425,65,58,2806,3,0,0,0,5,2,2,2,1946.0,0,443,237,84,44,3,53,37,278,11,2009,755000
60501,2,2,1890,2008,128.0,277.0,306,221,459,2807,69,72,3151,0,1,3,2,6,2,11,2,1976.0,0,286,77,34,47,2,37,5,231,4,2010,696805
33565,9,6,1987,1956,82.0,116.0,204,46,736,1069,408,11,4941,1,1,1,2,5,0,14,2,1922.0,0,62,231,130,69,8,139,43,93,2,2008,755000
104216,10,3,1996,1966,35.0,1168.0,105,644,1662,3172,473,33,1742,0,0,0,1,6,1,5,1,1973.0,2,555,315,42,40,17,45,38,950,2,2008,755000
176244,5,4,1959,1988,102.0,613.0,229,923,439,2896,114,16,1345,2,2,2,1,2,2,14,1,1913.0,1,61,153,93,73,11,77,36,59,11,2006,637889
47497,7,8,1906,1985,228.0,213.0,55,186,753,4240,91,2,4993,1,0,2,1,3,0,8,3,1960.0,2,342,263,81,174,36,51,6,471,10,2010,755000
127033,2,3,1872,1989,17.0,1023.0,212,775,199,1606,734,25,4732,3,0,3,2,8,3,7,0,1966.0,0,422,168,52,9,28,11,23,551,9,2008,755000
187552,9,6,1997,1994,138.0,,145,122,1681,2196,172,17,4378,1,1,2,1,2,0,7,2,1975.0,4,135,78,51,54,21,26,30,825,6,2008,755000
156082,9,1,1960,1953,304.0,189.0,64,799,709,4560,436,18,1663,3,0,2,0,1,2,6,1,1924.0,0,754,230,184,43,17,41,16,414,7,2010,755000
161858,4,7,1896,1987,99.0,808.0,103,513,1175,2097,92,7,2938,3,0,3,0,6,3,12,1,1964.0,2,471,148,9,54,12,35,29,29,11,2008,755000
73207,4,8,1887,1974,364.0,944.0,110,607,1337,1156,861,34,2357,1,1,3,2,5,2,8,0,1995.0,2,74,63,148,38,7,21,63,640,11,2006,709106
130176,6,8,1944,1954,234.0,0.0,194,221,598,876,532,63,4841,3,1,0,2,2,0,10,2,1923.0,3,709,4,110,48,11,71,24,454,4,2008,755000
204267,10,3,2000,1979,600.0,988.0,194,643,47,3099,652,0,3519,1,2,0,0,5,3,7,2,1952.0,4,942,151,15,30,25,7,19,664,3,2009,755000
65735,10,1,1913,1961,98.0,749.0,77,260,890,2412,84,13,4937,2,0,3,1,6,2,11,0,2005.0,2,545,449,51,9,16,62,44,324,3,2009,755000
41931,10,9,1951,1953,140.0,80.0,108,334,882,1218,629,40,4485,2,2,1,2,5,0,8,3,1972.0,1,654,359,17,94,36,197,24,199,5,2006,755000
130338,6,6,1975,1973,40.0,301.0,84,107,969,4620,619,8,2927,0,2,1,2,0,3,10,3,1949.0,0,580,209,106,57,20,114,16,18,11,2009,755000
21403,1,9,1905,1978,417.0,1006.0,18,191,972,3983,507,18,3675,2,2,0,2,0,2,8,0,1900.0,1,642,90,16,196,2,14,14,287,6,2008,706704
66072,9,7,1960,1958,84.0,224.0,128,289,750,3905,186,63,529,3,2,0,0,8,0,7,0,2005.0,2,365,313,77,54,19,18,25,96,2,2009,685923
127408,2,1,1996,1953,62.0,952.0,209,625,731,4267,365,0,2124,0,0,3,2,5,2,4,3,1938.0,2,313,29,170,12,22,64,40,146,7,2009,650744
15682,5,1,1916,2000,282.0,738.0,272,738,1148,4000,441,11,1440,0,0,1,0,1,2,2,0,1973.0,1,236,14,9,136,9,64,34,667,7,2008,652415
85591,9,6,2005,1973,3.0,603.0,64,256,588,2055,1003,43,3123,1,0,3,0,0,2,11,2,1943.0,1,530,9,73,155,8,47,52,430,1,2010,755000
102495,4,5,1892,1963,156.0,452.0,261,434,952,708,58,10,2518,0,2,0,1,1,1,10,3,2006.0,3,661,216,45,48,19,103,0,245,12,2006,718321
136128,3,9,1993,1954,276.0,1188.0,84,1174,718,891,166,61,872,1,1,2,1,7,2,8,3,2004.0,0,658,147,54,11,28,41,18,942,7,2010,599272
21909,7,2,1941,1967,18.0,1247.0,62,552,1147,1614,227,18,5118,0,0,2,1,4,3,4,3,1993.0,1,395,169,14,5,18,32,31,308,4,2010,755000
148850,6,8,1967,1991,95.0,153.0,34,285,1554,3757,569,4,1052,2,2,2,2,6,0,11,2,1904.0,0,451,60,67,132,7,12,45,1006,4,2009,727073
172038,8,5,1976,2006,520.0,644.0,257,171,1574,1462,511,46,4329,1,2,3,0,6,0,10,0,1967.0,4,450,352,16,9,31,55,26,609,3,2007,755000
76983,3,2,1919,1968,64.0,1149.0,27,158,1644,1694,181,44,639,3,2,1,2,1,1,4,1,2008.0,2,374,42,12,6,17,12,15,32,9,2010,600918
126014,5,6,1910,1961,,85.0,34,142,832,3931,633,7,721,0,2,0,0,3,1,4,1,1971.0,1,18,221,42,1,0,37,6,267,3,2008,598049
131630,10,8,1902,1967,105.0,497.0,20,1291,874,1434,15,73,1058,2,2,1,2,1,1,14,2,1979.0,4,451,221,120,28,12,92,42,213,4,2008,747663
72615,4,4,1881,1966,77.0,801.0,66,160,365,1868,484,3,5344,2,2,1,0,6,2,8,2,1964.0,2,425,84,17,47,28,13,28,131,3,2008,755000
79134,4,2,1901,1979,237.0,405.0,263,520,828,2959,400,3,2930,1,0,0,1,4,2,3,0,1978.0,3,488,19,205,170,48,117,15,676,8,2007,722901
127505,4,5,1889,1973,162.0,731.0,85,648,846,4461,281,40,2769,1,1,1,1,0,3,11,1,1987.0,2,366,105,36,137,27,16,34,261,8,2007,668137
15453,10,2,1959,1960,31.0,35.0,66,942,691,1965,130,42,2674,1,0,2,2,1,0,8,3,1914.0,1,572,153,20,66,8,8,29,297,10,2006,755000
77625,8,2,1996,1984,186.0,476.0,108,503,689,391,331,34,512,3,0,0,0,5,0,8,2,1949.0,4,1177,335,75,4,31,79,17,263,8,2007,711413
145371,6,6,1944,1972,2.0,857.0,71,295,151,1461,685,17,2237,3,2,2,1,3,2,2,1,1905.0,4,695,115,120,21,9,43,17,449,5,2006,712547
56618,3,9,1886,1966,120.0,555.0,41,269,329,645,276,57,2038,3,0,3,0,6,0,14,3,1965.0,4,381,427,158,15,1,87,28,180,7,2008,662010
133186,10,4,1875,1950,141.0,714.0,327,642,1022,4051,218,14,3717,0,1,2,2,1,2,11,3,1968.0,2,444,207,48,100,31,6,1,609,12,2007,755000
116333,5,6,1880,1964,154.0,1215.0,215,226,1041,2335,113,6,4509,3,1,3,1,1,1,12,0,1938.0,0,471,129,39,127,18,37,44,761,3,2009,755000
77377,6,7,1980,1981,23.0,186.0,13,58,1241,3071,697,5,4876,1,2,3,2,5,2,3,2,2004.0,0,528,92,77,18,9,97,63,79,8,2009,755000
91774,5,6,2008,2009,400.0,630.0,87,295,870,4211,532,25,5195,2,1,0,2,7,3,6,3,1997.0,2,498,189,56,20,41,85,53,301,10,2009,755000
134815,6,8,2003,1958,91.0,934.0,6,29,1005,2616,157,37,5518,2,2,2,0,0,2,5,2,2002.0,1,386,203,41,91,15,11,9,182,2,2007,755000
208365,8,4,1887,1964,57.0,237.0,482,1240,1625,3517,576,88,4999,1,1,2,2,4,2,4,1,1995.0,2,374,165,91,105,43,53,31,4,8,2007,755000
208288,7,1,1970,1977,131.0,702.0,132,738,973,1765,296,11,429,3,1,2,2,0,0,11,1,1928.0,0,661,429,90,20,17,10,17,70,6,2007,688454
74619,5,7,1992,1973,158.0,809.0,106,1148,683,3459,268,39,1617,3,0,0,0,5,2,12,2,1992.0,2,434,263,56,58,6,15,5,526,2,2009,660508
127185,10,3,1923,2009,83.0,655.0,300,694,404,4668,121,4,581,1,1,3,0,6,3,9,3,1987.0,4,643,4,209,35,22,80,16,290,12,2008,746961
111077,6,6,1940,2010,163.0,434.0,101,1109,1398,2109,710,13,1315,2,2,3,2,5,2,8,3,1945.0,1,445,29,176,104,6,76,2,88,6,2010,711582
18668,4,2,1876,1984,139.0,0.0,63,646,148,1652,449,0,4697,0,1,3,1,8,2,10,1,1930.0,1,49,156,88,38,12,31,21,756,11,2008,755000
147700,9,9,1891,1971,360.0,956.0,243,790,580,4541,559,52,1899,2,1,0,1,2,1,4,3,,3,235,117,127,28,5,24,20,211,10,2007,721113
189314,4,1,1950,1976,619.0,413.0,8,353,1209,3493,78,14,2475,3,0,0,0,7,2,11,3,1914.0,2,99,131,8,18,22,13,10,609,2,2010,697210
93051,1,6,1982,1968,234.0,38.0,35,134,46,1662,597,22,1069,2,2,1,2,2,2,2,1,1975.0,4,551,153,54,58,25,17,21,831,3,2010,567149
28606,7,6,1873,1994,335.0,272.0,37,514,692,4308,146,29,3721,3,2,2,1,6,2,10,0,1919.0,2,75,223,100,25,37,70,7,721,11,2008,755000
172287,7,5,1964,1961,608.0,547.0,197,524,1064,553,89,28,2993,2,2,3,0,4,3,10,1,1903.0,3,375,33,143,7,22,3,36,368,5,2009,755000
38519,4,5,1884,1969,101.0,224.0,112,469,808,3636,229,30,782,1,0,1,0,0,0,13,2,1957.0,3,407,423,14,119,9,16,68,559,1,2006,595769
213251,3,1,1875,1950,126.0,407.0,313,681,508,3200,73,54,2169,3,1,1,0,3,1,13,0,1976.0,2,438,125,9,17,32,26,30,931,9,2009,673310
197016,8,5,1980,1970,4.0,233.0,17,697,703,2230,583,31,5049,0,2,2,2,8,1,2,2,1960.0,2,720,73,57,25,3,1,6,157,10,2009,755000
61579,5,2,1945,1998,268.0,934.0,179,846,1408,2636,110,56,947,0,1,0,0,7,2,9,0,,2,763,163,151,33,35,30,28,484,3,2010,674626
54328,10,7,1966,1994,154.0,349.0,181,767,1915,4518,132,7,1767,1,1,1,1,2,2,11,0,2007.0,0,314,8,57,93,55,21,14,395,12,2007,755000
105563,7,3,1976,1950,63.0,775.0,151,981,1069,4060,184,12,1210,2,1,0,2,1,0,2,1,,3,495,341,127,104,35,33,45,294,1,2007,749000
1426,4,4,1879,1959,102.0,966.0,26,984,5,2376,578,6,2909,1,0,0,1,8,2,7,1,1940.0,1,394,446,42,82,35,18,6,507,6,2010,668983
53629,4,3,1938,1996,309.0,334.0,121,569,1284,856,717,52,1467,1,1,2,1,0,3,10,2,1952.0,0,605,199,100,8,12,69,19,149,1,2009,684355
28932,8,3,1981,2008,160.0,286.0,35,1332,801,3041,104,33,5204,0,0,1,1,8,0,4,1,1986.0,4,479,190,18,33,21,29,5,450,3,2008,755000
197682,8,4,1880,2008,59.0,1114.0,31,1043,452,3332,861,19,1005,0,0,3,2,6,2,7,0,1970.0,1,613,1,3,53,8,100,14,41,7,2006,715518
111245,2,5,1988,1981,89.0,38.0,70,177,599,4255,162,2,1964,3,0,1,1,1,0,4,1,1975.0,1,216,88,36,81,3,54,30,626,4,2009,623262
56476,2,1,1882,1988,165.0,1637.0,268,657,621,1243,586,53,3652,3,2,3,0,4,1,12,2,1947.0,1,557,171,25,16,9,33,27,384,9,2009,741108
176699,3,4,1970,2009,348.0,322.0,237,237,294,4467,470,23,694,3,0,3,0,1,2,6,0,1914.0,3,149,82,28,88,24,3,26,322,7,2006,577840
201276,3,8,1913,1971,301.0,468.0,114,169,968,2214,223,2,2726,1,2,0,1,4,0,12,2,1906.0,4,304,326,23,48,53,37,12,184,5,2008,693723
136169,1,7,1991,1967,,390.0,151,300,1914,3613,363,26,4235,1,0,3,0,6,0,8,3,1971.0,0,525,140,45,3,25,58,45,652,9,2006,755000
180254,3,9,1883,1997,84.0,316.0,157,149,450,4639,230,10,1131,3,0,2,2,4,2,12,1,1970.0,4,12,220,40,16,2,30,8,636,3,2010,557590
146090,6,5,1908,1995,301.0,585.0,240,302,1898,2894,237,38,2117,0,0,1,2,1,0,11,0,1942.0,0,46,351,66,37,41,55,18,372,11,2006,755000
35860,8,4,1945,1981,52.0,608.0,166,631,1104,3406,492,3,400,0,0,0,0,4,2,13,2,1903.0,3,210,206,6,119,1,3,0,392,8,2006,653732
77889,10,8,1944,1976,126.0,332.0,83,990,953,4160,567,49,3368,2,1,0,0,5,2,5,1,1950.0,4,265,51,25,85,44,75,9,499,8,2009,755000
23416,6,9,1923,1977,99.0,5.0,59,968,839,3209,51,44,2424,3,1,3,2,4,3,5,1,1970.0,1,291,113,23,110,14,56,6,150,4,2009,738180
168616,5,7,2001,1967,324.0,819.0,32,665,596,3240,268,8,2610,1,0,0,1,1,3,8,2,1958.0,4,368,125,148,46,22,20,25,689,1,2007,731778
134017,4,7,1927,2008,509.0,651.0,179,65,1145,878,303,16,3849,2,1,2,2,5,0,6,0,2008.0,3,576,105,55,73,7,8,22,522,4,2006,755000
179895,3,5,1931,1988,126.0,445.0,121,277,1260,3431,331,16,567,2,2,2,1,5,0,2,2,1940.0,3,989,64,191,21,14,63,34,328,9,2010,660187
125385,4,4,1894,1998,90.0,638.0,468,754,212,3959,4,4,1556,2,1,0,0,1,0,12,1,1960.0,3,342,137,18,7,35,17,12,369,10,2007,605995
119018,7,1,1974,1978,,707.0,196,169,2271,3839,955,68,2878,3,1,0,0,3,1,11,2,,0,595,264,18,13,39,42,50,416,1,2006,755000
20556,1,7,1911,1967,63.0,95.0,42,6,94,1418,571,2,1389,3,1,2,1,6,2,14,3,1917.0,4,811,169,119,13,8,15,11,221,3,2009,572671
101458,7,1,1935,1993,286.0,624.0,239,696,738,886,329,93,5402,3,0,3,1,0,2,13,1,1929.0,1,766,17,118,73,1,161,35,123,8,2010,755000
185545,1,1,1956,1957,318.0,178.0,139,480,279,1487,92,56,4888,0,2,0,2,0,1,14,0,1906.0,1,303,84,95,78,46,43,54,403,3,2008,755000
169802,2,5,1960,2003,9.0,720.0,210,415,866,4272,33,30,3681,2,0,3,1,5,1,3,3,1951.0,2,718,24,38,14,13,89,6,388,2,2007,755000
171654,4,9,1902,1980,52.0,323.0,266,943,769,2579,459,106,1503,0,2,0,0,6,0,7,2,1947.0,3,822,146,52,50,6,14,0,590,1,2009,654563
121019,1,6,1891,1983,45.0,644.0,78,935,744,2020,110,3,4435,3,0,2,0,4,2,14,0,1922.0,1,882,104,23,79,11,15,14,235,9,2008,755000
195746,9,3,2001,1956,120.0,226.0,236,1212,1152,1027,353,38,827,0,1,0,0,7,3,13,3,1936.0,3,892,350,83,100,43,21,40,111,11,2006,754859
69544,6,3,1884,1985,,665.0,42,239,878,4124,459,35,3513,0,2,0,1,3,3,10,2,1970.0,1,224,100,75,5,3,52,2,215,10,2010,755000
144066,1,7,1993,1967,350.0,8.0,115,671,1269,831,88,33,4177,1,1,0,1,2,1,8,3,2001.0,4,559,31,3,92,0,77,32,602,3,2009,755000
57564,1,6,1974,2009,93.0,414.0,100,507,381,2429,256,48,5368,3,2,2,0,6,1,5,1,1992.0,2,327,194,172,52,41,105,12,361,7,2009,755000
207432,6,9,1977,1987,19.0,792.0,10,635,1038,946,687,24,1697,2,2,2,1,3,2,13,0,1997.0,3,173,111,49,10,32,32,29,403,10,2010,706519
58845,4,6,1990,2008,59.0,586.0,141,46,684,4301,68,61,3732,3,0,2,2,0,2,13,3,2002.0,0,619,98,31,116,32,26,13,1009,3,2009,755000
40524,4,5,1941,1958,472.0,476.0,41,60,814,709,294,34,1390,0,0,1,2,7,3,14,1,1952.0,0,550,108,49,36,39,122,15,229,8,2009,638359
99245,6,7,1970,2008,277.0,1121.0,186,483,1135,1139,477,1,476,3,1,1,1,4,2,3,2,2004.0,1,542,58,93,117,37,12,0,45,9,2006,651354
14524,7,1,1953,1958,161.0,809.0,152,162,747,1254,274,23,3649,3,1,1,1,7,0,5,1,1944.0,4,381,348,51,22,14,31,5,120,12,2007,755000
42038,9,7,1946,1995,76.0,742.0,159,875,947,3938,388,14,5165,1,2,1,0,7,1,6,2,1948.0,3,1112,31,37,117,21,32,40,190,8,2008,755000
157522,10,3,1989,1957,12.0,,55,100,422,1777,368,15,3107,1,2,2,1,4,3,3,0,1948.0,2,877,96,6,32,7,42,51,389,5,2010,755000
65031,5,9,1955,2000,26.0,713.0,58,67,1547,1879,41,8,2218,3,0,0,0,7,3,2,1,2010.0,4,395,172,37,53,6,14,4,19,11,2008,744355
182060,9,6,1940,1984,259.0,1062.0,83,333,1364,1544,266,13,2598,1,0,2,2,6,0,5,1,1981.0,1,494,66,76,117,8,52,27,214,10,2010,755000
205881,4,9,1930,1967,259.0,232.0,49,115,1049,2414,855,6,2258,0,0,1,1,2,2,12,2,1946.0,4,623,292,9,108,58,187,1,1140,12,2010,701934
140949,10,5,1997,1954,129.0,803.0,121,1170,878,2482,132,36,4379,0,0,3,2,3,2,14,3,2006.0,2,756,19,130,5,6,48,9,392,2,2009,755000
9370,2,7,1982,1963,124.0,542.0,44,426,947,1842,515,6,2815,0,0,3,1,6,1,7,2,1924.0,4,620,26,17,59,3,86,17,193,6,2006,711163
127461,3,4,1933,1977,71.0,246.0,336,258,1537,1247,484,70,2224,1,2,2,1,3,0,2,3,1990.0,3,528,28,34,6,40,15,6,35,8,2010,711317
9966,1,7,1999,1979,47.0,360.0,35,687,1328,3114,444,14,3459,3,2,0,0,5,3,2,2,1926.0,1,145,29,53,112,3,31,43,135,2,2008,710867
59061,6,1,1976,1953,241.0,487.0,40,853,1545,723,902,39,1275,0,1,1,0,1,0,10,0,1911.0,2,990,41,45,38,10,100,5,347,6,2007,739173
37668,6,7,1939,1988,49.0,56.0,151,582,829,4383,356,24,1949,2,2,0,1,1,3,6,3,1922.0,1,342,94,18,31,9,64,29,176,7,2008,702940
139155,1,8,1886,1969,257.0,745.0,154,472,1241,4589,32,25,2302,0,0,0,1,2,0,3,1,1916.0,3,765,292,23,171,17,24,33,83,9,2006,650116
43214,3,5,1906,1974,370.0,358.0,200,106,1594,3959,793,31,3556,3,2,0,0,6,2,12,3,1943.0,2,507,86,6,179,8,36,12,162,11,2007,755000
202879,5,2,1885,1977,51.0,433.0,115,752,536,1404,439,34,4484,0,2,1,2,2,3,3,2,1970.0,2,812,61,7,12,22,65,26,301,9,2009,755000
129038,3,5,1973,1961,198.0,942.0,38,1066,505,2904,361,43,1805,2,2,2,1,2,1,5,2,1923.0,1,174,204,29,7,18,3,23,71,2,2008,664465
211398,10,6,1971,1951,471.0,451.0,68,412,1137,4071,107,11,1392,0,1,1,0,3,0,12,3,1970.0,4,341,386,42,46,12,105,14,471,1,2008,755000
68826,3,2,1878,1992,13.0,1021.0,42,160,382,3113,445,5,1340,0,1,1,1,5,2,3,1,1992.0,4,464,230,101,46,33,48,30,393,7,2010,595026
203207,10,6,1901,1963,8.0,190.0,40,572,92,672,26,31,3524,3,2,2,0,0,3,5,0,1959.0,0,270,59,64,87,5,93,35,436,6,2010,755000
178137,3,6,1920,1971,,38.0,222,501,1587,2310,424,4,1554,0,2,2,2,5,2,12,1,1952.0,0,365,5,10,83,30,93,1,739,10,2007,653486
21256,5,1,1982,1980,178.0,284.0,66,13,1674,3770,319,67,4995,0,0,2,1,7,0,14,3,1991.0,2,822,259,104,54,29,22,14,12,10,2009,755000
47540,5,1,1943,1972,198.0,725.0,43,298,409,1128,733,18,5200,1,1,3,1,7,1,7,2,1986.0,1,638,222,47,53,22,0,30,610,10,2010,755000
122308,4,3,1951,1997,188.0,762.0,21,1215,284,2056,69,55,2131,3,0,3,2,5,1,8,1,1973.0,2,861,92,82,60,36,28,17,496,12,2008,688831
169520,1,3,1954,1969,109.0,15.0,207,39,673,3553,240,11,5307,3,0,2,1,5,0,7,2,1915.0,1,516,58,152,27,10,5,32,862,4,2007,755000
95570,5,4,1913,2010,406.0,152.0,142,223,1626,1232,619,18,3205,3,2,0,1,2,3,5,2,2006.0,3,460,392,27,47,3,21,4,502,11,2010,755000
6057,10,2,1888,1987,361.0,686.0,70,120,794,436,205,11,847,3,2,3,1,1,2,11,1,1997.0,0,173,369,15,58,5,29,13,13,11,2010,732066
20397,5,9,1878,2004,129.0,447.0,150,155,1047,3193,291,38,1951,0,2,1,0,6,2,4,3,1924.0,2,761,148,79,56,27,11,21,611,9,2006,712838
142767,4,7,1881,1953,325.0,223.0,80,321,1162,4522,137,28,4851,2,0,1,0,7,3,5,1,1965.0,3,459,120,52,14,16,65,87,50,1,2007,755000
148613,6,7,1905,1964,278.0,414.0,226,679,1086,1781,234,6,4946,2,0,3,1,5,0,13,0,1949.0,4,548,82,4,43,34,49,2,30,7,2007,755000
105192,10,6,1907,1973,267.0,920.0,0,1023,1747,4548,568,5,4091,1,0,1,2,4,2,6,2,1968.0,0,360,96,62,10,34,6,11,1103,5,2009,755000
160068,4,3,1877,1974,52.0,689.0,110,581,640,2366,1034,45,2366,0,2,2,2,3,2,5,2,1977.0,1,1211,271,0,128,20,100,6,112,5,2010,750526
71780,7,6,2005,1950,121.0,1222.0,295,226,948,4366,371,59,3544,3,2,1,1,0,0,4,3,1994.0,4,530,199,134,47,2,89,17,300,6,2007,755000
47463,7,8,1900,1956,56.0,161.0,117,1115,1116,3394,206,22,1038,3,2,3,0,8,2,2,2,1939.0,4,321,180,31,119,48,53,30,389,2,2009,705237
21116,2,8,1997,2006,291.0,181.0,91,327,975,1868,243,12,2007,2,0,0,0,3,3,4,2,1905.0,3,210,193,72,80,27,2,70,102,11,2010,638971
182212,3,9,1952,1980,42.0,797.0,21,769,390,3181,319,23,4033,1,0,1,1,1,3,12,2,1963.0,2,632,193,153,33,0,31,52,70,11,2008,755000
54153,1,1,1946,1961,269.0,324.0,150,89,263,3543,212,118,2425,0,1,1,0,3,0,6,1,,2,311,7,33,119,45,18,11,866,3,2006,624461
157289,8,1,1897,1991,187.0,651.0,89,479,253,3797,78,9,5287,1,2,0,0,4,0,14,2,1908.0,3,387,41,3,16,24,76,9,139,11,2009,755000
98031,9,3,1998,1954,58.0,1047.0,22,725,1363,768,192,13,3182,0,0,3,2,1,3,7,1,1905.0,4,118,3,7,117,34,7,27,233,9,2006,755000
153938,4,3,1986,1993,200.0,555.0,2,142,589,1591,55,23,4648,1,1,0,1,6,0,13,3,1916.0,0,516,388,44,67,13,49,13,508,4,2008,755000
207824,6,8,1997,1999,32.0,466.0,102,556,1234,388,626,27,4997,1,0,1,0,2,3,14,0,1939.0,4,514,323,35,114,44,36,48,815,6,2007,755000
64123,9,1,1899,1991,112.0,,121,587,1043,1264,337,16,2111,3,0,3,0,7,3,5,2,1998.0,3,964,145,33,18,7,14,0,22,3,2010,755000
153178,6,2,2002,1987,38.0,254.0,5,1084,512,3133,570,4,4687,2,2,2,0,3,3,2,0,,4,366,94,67,24,57,67,6,98,3,2007,755000
207892,9,2,1946,2009,279.0,843.0,223,1586,525,645,181,18,5390,3,1,3,1,4,2,11,1,1944.0,4,49,88,52,119,0,15,30,565,9,2006,755000
3059,4,3,1949,1961,208.0,868.0,105,121,1067,1290,877,0,1226,2,0,3,1,2,0,14,3,1981.0,4,444,43,14,18,52,13,25,668,9,2007,677669
174321,8,6,1961,1988,93.0,612.0,175,1066,1038,4417,75,4,1305,1,1,2,0,4,2,8,3,1942.0,4,825,191,45,79,20,26,12,276,3,2007,741409
93674,9,1,1892,1967,37.0,206.0,69,484,1246,2846,490,18,436,0,1,3,2,8,0,14,1,1997.0,0,652,96,0,19,4,8,27,529,3,2009,729272
134854,4,2,1925,1951,153.0,351.0,217,176,771,1597,249,38,1441,3,2,1,2,1,1,10,0,1945.0,1,771,394,13,86,38,5,43,104,6,2009,673199
25742,5,1,1974,1959,127.0,,131,647,576,3081,83,21,5479,0,1,1,1,6,2,14,2,1962.0,1,613,134,106,59,12,40,12,294,1,2008,755000
166091,8,5,1930,1964,26.0,173.0,294,20,1054,3116,473,23,3580,3,2,1,2,7,2,7,1,1900.0,2,390,2,9,74,27,31,26,11,5,2009,755000
190438,10,7,1943,1979,,,78,2,1709,1427,540,43,4046,3,2,1,0,2,2,7,1,1958.0,1,218,128,98,120,27,16,26,1339,9,2009,755000
94801,6,8,1891,1993,166.0,422.0,185,194,61,3120,1375,6,3751,3,2,2,1,3,1,10,1,1962.0,1,254,56,85,0,8,105,1,1,9,2009,755000
3379,7,1,1983,2007,425.0,685.0,118,718,600,3149,555,1,5508,0,1,1,1,1,0,5,1,1978.0,1,349,59,92,140,14,18,3,727,8,2009,755000
135089,3,7,1930,1966,31.0,235.0,88,630,1295,4097,549,37,4485,3,0,3,2,8,1,6,1,1917.0,4,658,77,72,34,14,38,17,322,6,2008,755000
60976,7,5,1942,1953,316.0,433.0,130,174,1108,4369,757,3,5444,3,2,0,1,2,0,6,3,1985.0,4,479,95,13,110,33,65,33,231,9,2009,755000
160324,8,1,2008,1956,28.0,574.0,222,1109,1302,2657,512,15,3993,3,0,2,2,8,0,13,1,1981.0,0,50,129,37,14,5,68,11,334,3,2009,755000
174832,10,3,1980,1990,347.0,33.0,99,234,785,566,284,49,5260,0,1,2,2,6,0,6,3,1964.0,4,580,92,24,32,23,39,19,11,9,2006,755000
91697,6,7,2000,1980,333.0,509.0,171,1013,194,2435,430,37,1253,3,0,0,0,5,0,9,0,2009.0,4,805,77,156,20,14,112,3,469,8,2009,685375
74147,10,1,1927,2000,65.0,675.0,172,548,1835,4686,641,16,4886,0,0,1,2,2,0,12,2,1919.0,1,105,198,119,48,1,37,37,85,12,2008,755000
94907,9,7,1906,2009,297.0,159.0,198,229,1541,2362,856,0,4561,2,2,1,2,6,1,2,3,1955.0,0,637,65,58,84,41,40,23,174,1,2008,755000
150821,6,5,1994,2008,280.0,617.0,56,454,987,2263,304,22,4922,3,2,3,1,2,2,11,2,,0,27,67,100,18,4,36,17,15,9,2007,755000
165908,9,1,2002,2004,61.0,848.0,166,1,579,1792,456,4,2491,1,2,1,0,5,1,12,2,1947.0,1,281,113,11,22,8,35,22,4,8,2009,755000
65377,4,1,1975,1988,477.0,589.0,74,586,754,1982,839,47,915,2,1,1,0,7,2,11,2,1999.0,1,179,246,59,42,11,8,25,70,8,2010,604853
39558,8,1,1878,2004,17.0,156.0,108,512,1114,741,18,23,1129,0,0,3,2,4,2,12,3,1953.0,0,671,10,56,165,1,53,11,436,6,2007,737949
180674,4,9,1898,1983,129.0,813.0,507,710,874,3674,363,0,3531,1,1,1,1,2,3,4,3,2001.0,3,916,330,56,45,8,4,61,650,9,2008,755000
161237,2,3,1872,1955,360.0,55.0,86,851,992,2311,400,88,2217,0,1,0,1,5,2,9,3,1988.0,1,765,107,36,81,10,109,31,3,8,2007,679135
139017,10,5,1958,1999,122.0,645.0,174,546,1805,2747,1020,34,3701,0,1,1,1,7,1,12,0,1915.0,1,757,36,63,171,3,104,24,150,2,2010,755000
121071,9,9,1912,1987,115.0,42.0,20,90,1461,2094,651,30,5632,3,1,0,0,2,3,10,3,1919.0,0,267,3,13,45,15,39,11,59,6,2006,755000
39300,5,6,1994,1994,224.0,90.0,3,872,414,3931,18,30,1143,1,2,0,0,4,0,3,0,2001.0,3,645,119,57,42,20,36,27,162,12,2010,659742
28037,4,9,1946,2007,157.0,17.0,10,505,1038,1712,1,19,3267,0,0,0,2,8,0,13,3,1946.0,3,559,76,75,100,33,10,30,139,11,2007,752633
12785,2,8,1913,2000,80.0,455.0,193,257,739,954,321,0,3602,2,2,1,2,2,2,5,3,1996.0,2,206,102,153,13,32,15,10,743,8,2009,740134
39865,1,8,1988,1983,44.0,321.0,219,623,1148,1263,643,33,5202,3,2,1,1,1,0,9,2,1906.0,3,769,328,94,59,24,25,18,739,6,2006,755000
157894,7,1,1934,1993,115.0,603.0,34,654,968,1308,182,20,5554,2,1,2,2,7,0,6,1,1922.0,1,608,39,35,54,31,57,7,505,11,2010,755000
120914,6,9,1998,1964,318.0,392.0,158,356,2483,3187,14,14,3318,2,2,3,1,6,3,2,2,1974.0,4,445,327,19,55,40,47,7,124,9,2009,755000
66455,2,6,2004,1963,456.0,207.0,64,420,1214,2023,754,46,906,3,0,3,0,8,1,7,3,1932.0,0,705,73,10,135,17,7,11,353,12,2010,646369
187540,8,9,1919,1955,158.0,510.0,31,261,932,1059,289,6,1540,0,1,2,2,3,0,10,1,1939.0,1,536,234,134,1,6,38,30,1047,5,2008,743681
53787,4,3,1874,1999,251.0,304.0,81,666,1921,495,223,32,5238,2,2,0,1,2,0,10,1,2009.0,0,800,293,13,22,26,27,32,133,8,2009,755000
131248,8,3,1987,1986,153.0,46.0,31,555,1102,992,536,27,5308,0,1,3,0,4,1,12,0,1904.0,3,972,280,27,53,30,92,15,277,10,2008,755000
13642,7,6,1970,1999,,254.0,232,136,240,3231,554,5,3414,0,0,2,1,0,3,2,1,1944.0,0,430,150,37,79,17,28,29,102,2,2006,755000
42106,5,9,1987,1981,202.0,226.0,91,1147,937,4433,489,48,2794,3,1,0,2,4,3,5,0,2010.0,1,427,239,71,36,14,44,19,1228,12,2006,729681
50070,10,7,1885,1952,337.0,258.0,31,233,1306,2876,464,15,2075,2,2,2,1,2,0,2,2,1940.0,4,377,160,32,120,8,50,15,163,5,2006,755000
79923,10,3,1983,1952,77.0,948.0,157,582,1242,1912,251,17,4339,2,2,1,0,0,2,8,0,1907.0,1,504,64,44,49,38,8,23,545,1,2006,755000
104477,8,3,1932,1971,190.0,1059.0,42,311,1502,4328,476,28,5259,3,0,1,2,2,1,4,3,1980.0,2,837,151,106,158,2,69,74,205,5,2008,755000
132326,9,2,1966,1971,6.0,,43,912,1076,1408,74,21,2947,0,0,0,0,4,3,3,1,1981.0,0,234,73,23,9,6,54,10,109,7,2008,755000
76929,5,9,1888,1959,142.0,859.0,10,417,1041,3539,373,42,2049,0,1,0,2,4,0,9,3,1949.0,1,157,93,163,38,24,13,69,342,1,2007,699980
122293,10,3,1995,2000,273.0,241.0,166,153,298,4378,413,47,5579,3,2,1,1,7,3,10,1,1990.0,3,558,131,12,25,4,24,60,16,10,2007,755000
184975,5,5,1895,1952,97.0,234.0,157,88,1764,3767,981,11,1903,0,0,3,0,0,0,8,1,1930.0,3,490,1,12,35,30,146,5,173,3,2008,742953
128244,2,9,1987,2010,397.0,212.0,64,67,847,1211,373,34,1010,0,0,3,0,6,1,7,2,1903.0,1,548,328,95,136,25,58,22,550,6,2006,606575
214346,5,8,1953,1961,1.0,1194.0,57,269,510,1425,259,32,5374,2,2,1,1,4,2,11,0,1965.0,2,10,342,47,37,74,94,1,320,12,2007,755000
107247,3,2,1921,1978,61.0,,33,395,2313,3393,199,19,2167,0,0,3,0,2,1,14,2,1955.0,0,885,500,30,108,0,51,1,906,1,2009,738823
27699,7,3,1950,1997,132.0,,3,697,1840,2008,219,45,2847,0,0,1,0,3,3,12,0,1904.0,2,551,114,27,57,17,4,61,401,3,2008,755000
129477,10,2,1950,1966,51.0,876.0,40,551,776,1942,228,66,1134,0,2,2,0,2,3,7,2,1980.0,4,1111,79,7,112,14,46,3,284,8,2009,755000
213616,5,8,1941,1956,273.0,475.0,152,570,59,3160,863,23,1475,0,0,2,0,7,3,10,2,1953.0,1,603,220,163,15,23,14,7,338,9,2006,670901
110875,8,6,1898,1962,115.0,180.0,34,1211,640,1551,483,49,5545,3,2,2,1,3,2,6,1,2002.0,2,399,42,65,50,1,105,15,407,7,2008,755000
112204,1,6,1886,2005,169.0,362.0,245,844,1789,3386,11,31,3386,3,2,3,0,2,1,6,2,1995.0,4,563,18,82,53,14,15,65,859,4,2007,716631
208906,3,9,1921,1951,28.0,458.0,40,809,1088,647,536,1,2365,3,1,2,0,1,0,3,2,1992.0,2,869,32,4,96,6,102,49,299,7,2007,703201
187478,3,8,1907,1953,50.0,911.0,124,225,325,1063,11,14,1842,0,2,0,0,2,1,7,0,1979.0,4,319,79,57,12,24,59,56,758,7,2009,617350
31978,9,4,1879,1959,27.0,407.0,164,199,1391,4373,805,43,1444,3,0,0,2,6,1,13,2,1900.0,3,646,189,27,76,45,80,27,915,11,2008,741055
77518,5,4,1950,1988,199.0,83.0,172,138,895,717,193,8,4663,1,1,2,2,5,2,13,1,1975.0,3,609,181,36,120,2,43,15,516,7,2006,755000
64530,9,9,2002,1973,,795.0,215,192,675,2146,483,2,1246,1,1,0,1,4,1,13,2,1982.0,1,648,151,2,7,56,88,21,166,8,2010,735122
75355,9,1,1918,1966,430.0,308.0,67,817,713,2658,608,1,5577,1,0,2,1,7,3,7,3,1972.0,2,272,61,11,110,41,83,27,610,11,2010,755000
188745,1,2,1976,2001,214.0,618.0,89,342,1653,3763,987,1,1389,2,1,2,1,0,2,7,3,1960.0,3,659,28,181,23,10,44,58,294,4,2006,645028
163852,2,2,1969,1955,7.0,529.0,102,928,1273,3079,436,63,4523,0,0,1,0,2,3,5,0,1906.0,0,640,298,166,40,17,40,21,857,4,2007,755000
201208,5,6,1967,1968,262.0,600.0,276,777,256,2198,838,28,2084,2,1,2,2,1,3,12,0,1929.0,3,891,25,63,22,15,27,38,113,9,2010,742167
73558,4,4,1987,1954,344.0,62.0,162,520,1183,3625,552,31,3505,3,0,0,2,1,1,8,3,1914.0,3,943,38,8,79,18,71,11,141,8,2006,755000
